tkr;fecha;precio;low;high
ACS;15/10/2021 17:36;22,73;22,22;22,8
ACS;22/10/2021 17:36;23,06;22,34;23,31
ACS;29/10/2021 17:36;22,63;22,35;23,24
ACS;05/11/2021 17:36;23,31;22,15;23,35
ACS;12/11/2021 17:36;23,18;22,75;23,61
ACS;19/11/2021 17:36;21,73;21,67;23,54
ACS;26/11/2021 17:36;21,02;20,98;22,48
ACS;03/12/2021 17:36;21,35;21,02;21,96
ACS;10/12/2021 17:36;21,44;21,3;22,34
ACS;17/12/2021 17:36;21,75;21,08;21,88
ACS;23/12/2021 17:36;22,99;20,58;23,05
ACS;30/12/2021 17:36;23,57;22,82;23,58
ACS;07/01/2022 17:36;23,73;23,31;24,09
ACS;14/01/2022 17:36;23,99;23,83;24,93
ACS;21/01/2022 17:36;23,11;22,42;24,23
ACS;28/01/2022 17:36;22,25;22,09;23,17
ACS;04/02/2022 17:36;22,41;22,21;22,98
ACS;11/02/2022 17:36;22,6;22,06;23,03
ACS;18/02/2022 17:36;22,32;21,54;22,77
ACS;25/02/2022 17:36;21,84;20,65;22,58
ACS;04/03/2022 17:36;21,27;21,1;22,57
ACS;11/03/2022 17:36;23,34;19,85;23,72
ACS;18/03/2022 17:36;24,1;23,54;24,75
ACS;25/03/2022 17:36;24,62;23,89;24,93
ACS;01/04/2022 17:36;24,59;24,32;25,1
ACS;08/04/2022 17:36;24,07;23,38;24,77
ACS;14/04/2022 17:36;24,91;24,05;25,1
ACS;22/04/2022 17:36;24,56;24,56;25,15
ACS;29/04/2022 17:36;24,59;24,08;25,23
ACS;06/05/2022 17:36;24,22;23;24,99
ACS;13/05/2022 17:36;24,31;23,64;24,65
ACS;20/05/2022 17:36;25,43;24,3;25,84
ACS;27/05/2022 17:36;26,6;25,33;26,73
ACS;03/06/2022 17:36;26,53;26,22;26,9
ACS;10/06/2022 17:36;25,32;25,04;26,94
ACS;17/06/2022 17:36;24,49;23,93;25
ACS;24/06/2022 17:36;23,8;23,32;24,75
ACS;01/07/2022 17:36;21,59;21,46;24,02
ACS;08/07/2022 17:36;21,69;20,69;21,85
ACS;15/07/2022 17:36;21,61;20,85;21,77
ACS;22/07/2022 17:36;22,22;21,54;22,24
ACS;29/07/2022 17:36;23,41;22,17;23,59
ACS;05/08/2022 17:36;23,14;22,67;23,46
ACS;12/08/2022 17:36;23,98;23,3;24,24
ACS;19/08/2022 17:36;23,88;23,76;24,52
ACS;26/08/2022 17:36;22,42;22,35;23,75
ACS;02/09/2022 17:36;22,62;21,94;22,72
ACS;09/09/2022 17:36;23,01;22,08;23,09
ACS;16/09/2022 17:36;22,92;22,77;23,67
ACS;23/09/2022 17:36;22,13;21,94;23,1
ACS;30/09/2022 17:36;23,13;21,8;23,24
ACX;15/10/2021 17:36;12,15;11,26;12,29
ACX;22/10/2021 17:36;11,59;11,4;12,35
ACX;29/10/2021 17:36;12,04;11,65;12,13
ACX;05/11/2021 17:36;11,22;11,22;12,35
ACX;12/11/2021 17:36;11,06;10,93;11,56
ACX;19/11/2021 17:36;10,45;10,37;11,05
ACX;26/11/2021 17:36;10,11;9,95;10,93
ACX;03/12/2021 17:36;9,86;9,8;10,35
ACX;10/12/2021 17:36;10,26;9,85;10,43
ACX;17/12/2021 17:36;10,9;10,28;11,04
ACX;23/12/2021 17:36;11,18;10,53;11,29
ACX;30/12/2021 17:36;11,39;11,14;11,54
ACX;07/01/2022 17:36;12,01;11,44;12,07
ACX;14/01/2022 17:36;12,68;11,84;12,91
ACX;21/01/2022 17:36;12,02;11,94;12,81
ACX;28/01/2022 17:36;11,04;10,86;11,97
ACX;04/02/2022 17:36;11,41;11,15;11,8
ACX;11/02/2022 17:36;11,65;11,44;11,95
ACX;18/02/2022 17:36;11,51;11,18;11,84
ACX;25/02/2022 17:36;11,37;10,58;11,77
ACX;04/03/2022 17:36;10,31;10,31;11,67
ACX;11/03/2022 17:36;9,43;9,1;10,34
ACX;18/03/2022 17:36;9,98;9,37;10,42
ACX;25/03/2022 17:36;10,32;9,99;10,82
ACX;01/04/2022 17:36;10,15;9,93;10,42
ACX;08/04/2022 17:36;9,44;9,37;10,15
ACX;14/04/2022 17:36;9,98;9,44;10,02
ACX;22/04/2022 17:36;9,92;9,79;10,3
ACX;29/04/2022 17:36;10,09;9,42;10,15
ACX;06/05/2022 17:36;9,99;9,58;10,12
ACX;13/05/2022 17:36;10,44;9,77;10,59
ACX;20/05/2022 17:36;10,65;10,26;10,95
ACX;27/05/2022 17:36;12;10,72;12,03
ACX;03/06/2022 17:36;11,81;11,35;12,41
ACX;10/06/2022 17:36;11,29;11,23;12,15
ACX;17/06/2022 17:36;10,1;9,94;11,16
ACX;24/06/2022 17:36;9,68;9,37;10,53
ACX;01/07/2022 17:36;8,72;8,5;10,02
ACX;08/07/2022 17:36;8,63;8,12;8,86
ACX;15/07/2022 17:36;8,42;8,22;8,59
ACX;22/07/2022 17:36;8,9;8,47;8,98
ACX;29/07/2022 17:36;9,5;8,76;9,52
ACX;05/08/2022 17:36;9,36;8,91;9,57
ACX;12/08/2022 17:36;9,59;9,28;9,74
ACX;19/08/2022 17:36;9,3;9,3;9,79
ACX;26/08/2022 17:36;9,16;8,89;9,49
ACX;02/09/2022 17:36;9,03;8,52;9,41
ACX;09/09/2022 17:36;8,94;8,7;9,16
ACX;16/09/2022 17:36;8,62;8,34;9,3
ACX;23/09/2022 17:36;8,29;8,18;8,77
ACX;30/09/2022 17:36;8,2;8,06;8,59
AENA;15/10/2021 17:36;145,55;142,4;146,6
AENA;22/10/2021 17:36;141,95;139,05;145,55
AENA;29/10/2021 17:36;141,65;138,65;143,6
AENA;05/11/2021 17:36;151,25;141,1;151,25
AENA;12/11/2021 17:36;146,95;145,75;152
AENA;19/11/2021 17:36;136,6;136;150,75
AENA;26/11/2021 17:36;128,45;127,45;141,15
AENA;03/12/2021 17:36;130,35;127,15;133,7
AENA;10/12/2021 17:36;129,85;129,05;136,05
AENA;17/12/2021 17:36;132,85;126,5;132,95
AENA;23/12/2021 17:36;136,85;127,05;137,65
AENA;30/12/2021 17:36;138,8;135,3;139,75
AENA;07/01/2022 17:36;144,4;138,95;146,5
AENA;14/01/2022 17:36;149;144,15;149
AENA;21/01/2022 17:36;147,85;144,45;149,95
AENA;28/01/2022 17:36;143,75;141,65;148,25
AENA;04/02/2022 17:36;143,7;142;147,4
AENA;11/02/2022 17:36;153,45;141,55;155,6
AENA;18/02/2022 17:36;149,55;146;155,9
AENA;25/02/2022 17:36;146,3;134,7;152,15
AENA;04/03/2022 17:36;131,4;131,4;147,8
AENA;11/03/2022 17:36;133,7;121,8;137,35
AENA;18/03/2022 17:36;150;134,5;150
AENA;25/03/2022 17:36;146,95;142,75;149,35
AENA;01/04/2022 17:36;147,15;146,65;153,95
AENA;08/04/2022 17:36;145,2;141,3;148,25
AENA;14/04/2022 17:36;151,65;144,1;153,15
AENA;22/04/2022 17:36;148,85;148,4;153,4
AENA;29/04/2022 17:36;136,3;135,05;150,3
AENA;06/05/2022 17:36;133,15;131,6;140,5
AENA;13/05/2022 17:36;132,95;127,55;133,85
AENA;20/05/2022 17:36;135,8;132,85;137,9
AENA;27/05/2022 17:36;142,75;135,25;143,3
AENA;03/06/2022 17:36;140,65;139,3;144,8
AENA;10/06/2022 17:36;138,15;135,75;142,7
AENA;17/06/2022 17:36;136,8;131,15;138,95
AENA;24/06/2022 17:36;129,8;128;140,25
AENA;01/07/2022 17:36;123,85;117,15;132
AENA;08/07/2022 17:36;122;118,8;128,9
AENA;15/07/2022 17:36;122,85;116,9;124,7
AENA;22/07/2022 17:36;125,5;121,55;126,55
AENA;29/07/2022 17:36;123;114,45;126,45
AENA;05/08/2022 17:36;125,2;119,95;125,45
AENA;12/08/2022 17:36;127,4;125,15;129,2
AENA;19/08/2022 17:36;126,05;124,7;131,7
AENA;26/08/2022 17:36;124,4;124,25;127,45
AENA;02/09/2022 17:36;122,35;119,1;124,2
AENA;09/09/2022 17:36;120,15;116,35;122,25
AENA;16/09/2022 17:36;115,1;115,1;123,5
AENA;23/09/2022 17:36;109;108,05;117,6
AENA;30/09/2022 17:36;106,9;106,05;110,9
AMS;15/10/2021 17:36;60,46;57,96;61
AMS;22/10/2021 17:36;55,4;55,08;60,54
AMS;29/10/2021 17:36;57,84;54,66;57,96
AMS;05/11/2021 17:36;61,94;57,26;62,38
AMS;12/11/2021 17:36;62,14;61,54;64,54
AMS;19/11/2021 17:36;60,2;59,72;64,44
AMS;26/11/2021 17:36;56,74;52,82;61,56
AMS;03/12/2021 17:36;56,88;54,92;58,86
AMS;10/12/2021 17:36;57,56;56,58;59,58
AMS;17/12/2021 17:36;55,66;54,12;57,76
AMS;23/12/2021 17:36;58,58;53,2;59,16
AMS;30/12/2021 17:36;59,64;57,78;59,76
AMS;07/01/2022 17:36;62,48;59,36;64,12
AMS;14/01/2022 17:36;62,84;61,3;63,32
AMS;21/01/2022 17:36;62,3;60,5;64,92
AMS;28/01/2022 17:36;59,14;58,18;62,06
AMS;04/02/2022 17:36;61,2;59,06;63,36
AMS;11/02/2022 17:36;61,24;58,82;63,84
AMS;18/02/2022 17:36;61,34;58,8;63,6
AMS;25/02/2022 17:36;59,5;55,26;62,48
AMS;04/03/2022 17:36;52,88;52,34;61,6
AMS;11/03/2022 17:36;52,88;48,86;54,5
AMS;18/03/2022 17:36;56;51,96;56,38
AMS;25/03/2022 17:36;56,6;55,5;58,42
AMS;01/04/2022 17:36;58,46;56,4;61,04
AMS;08/04/2022 17:36;56,54;55,96;60,38
AMS;14/04/2022 17:36;56,88;54;57,32
AMS;22/04/2022 17:36;59,12;55,4;61,12
AMS;29/04/2022 17:36;60,4;57,44;61,24
AMS;06/05/2022 17:36;60;57,18;61,5
AMS;13/05/2022 17:36;58,74;56,52;60,54
AMS;20/05/2022 17:36;59,1;57,74;60,1
AMS;27/05/2022 17:36;60,34;56,56;60,36
AMS;03/06/2022 17:36;56,56;56,56;61,6
AMS;10/06/2022 17:36;53,72;53,5;58,04
AMS;17/06/2022 17:36;52,5;49,93;53,22
AMS;24/06/2022 17:36;53,26;51,6;55,12
AMS;01/07/2022 17:36;52,96;51,64;55,12
AMS;08/07/2022 17:36;53,52;50,56;54,18
AMS;15/07/2022 17:36;54,68;51,7;54,68
AMS;22/07/2022 17:36;56;54,5;56,92
AMS;29/07/2022 17:36;56,68;55,4;58,9
AMS;05/08/2022 17:36;54,94;54,44;58
AMS;12/08/2022 17:36;56,58;54,98;57,54
AMS;19/08/2022 17:36;55,98;55,62;57,6
AMS;26/08/2022 17:36;54,8;54,56;56,18
AMS;02/09/2022 17:36;51,64;50,42;54,22
AMS;09/09/2022 17:36;52,16;50,48;52,56
AMS;16/09/2022 17:36;50,64;50,4;53,08
AMS;23/09/2022 17:36;46,37;46,06;51,62
AMS;30/09/2022 17:36;47,91;44,85;47,91
ANA;15/10/2021 17:36;151,2;140,2;151,9
ANA;22/10/2021 17:36;161,1;147,3;162,2
ANA;29/10/2021 17:36;165,8;159,3;167,9
ANA;05/11/2021 17:36;157;155,5;168,9
ANA;12/11/2021 17:36;159,5;156,3;160,6
ANA;19/11/2021 17:36;158,8;156,9;163,2
ANA;26/11/2021 17:36;159,3;156,1;163,4
ANA;03/12/2021 17:36;155,2;153,9;161,1
ANA;10/12/2021 17:36;158,7;156,3;163
ANA;17/12/2021 17:36;158,6;155,4;162,2
ANA;23/12/2021 17:36;166,7;154,2;167,2
ANA;30/12/2021 17:36;168,1;165,3;169,7
ANA;07/01/2022 17:36;164,9;163,6;172,7
ANA;14/01/2022 17:36;156,8;155,2;166,1
ANA;21/01/2022 17:36;152,5;150,3;157,4
ANA;28/01/2022 17:36;153,8;146,9;155,6
ANA;04/02/2022 17:36;148,9;145,4;157,3
ANA;11/02/2022 17:36;144;141,9;151,2
ANA;18/02/2022 17:36;139,6;137,2;144,6
ANA;25/02/2022 17:36;147,1;128,4;149,3
ANA;04/03/2022 17:36;139,3;137,9;154,3
ANA;11/03/2022 17:36;161,3;135,2;164,2
ANA;18/03/2022 17:36;163,9;155,6;165,3
ANA;25/03/2022 17:36;166,1;161,2;167,3
ANA;01/04/2022 17:36;175,8;166,1;176,6
ANA;08/04/2022 17:36;192;175,1;192,1
ANA;14/04/2022 17:36;193,2;187,4;194,7
ANA;22/04/2022 17:36;188,8;188,8;197
ANA;29/04/2022 17:36;187,5;186,9;194,3
ANA;06/05/2022 17:36;179,9;179,1;189,4
ANA;13/05/2022 17:36;180,3;172,6;181,4
ANA;20/05/2022 17:36;183,1;178,9;185,3
ANA;27/05/2022 17:36;184,5;182,9;191,6
ANA;03/06/2022 17:36;188,5;177,6;189,4
ANA;10/06/2022 17:36;183,9;182,1;192
ANA;17/06/2022 17:36;176,6;174,4;184,2
ANA;24/06/2022 17:36;177,5;168,2;179,7
ANA;01/07/2022 17:36;179;172,5;179,7
ANA;08/07/2022 17:36;189,8;173,4;191
ANA;15/07/2022 17:36;181,6;175,3;195,9
ANA;22/07/2022 17:36;184,7;178,5;185,5
ANA;29/07/2022 17:36;200,6;184,4;202,6
ANA;05/08/2022 17:36;199,1;190,5;201,4
ANA;12/08/2022 17:36;199,5;197,4;204
ANA;19/08/2022 17:36;207;199,8;209,4
ANA;26/08/2022 17:36;206;205,2;211
ANA;02/09/2022 17:36;194,6;190,6;205
ANA;09/09/2022 17:36;199,7;190,3;204
ANA;16/09/2022 17:36;202,2;198,8;205,6
ANA;23/09/2022 17:36;187,1;182,7;201,6
ANA;30/09/2022 17:36;180,6;177,1;187,2
ANE;15/10/2021 17:36;29,79;27,09;30
ANE;22/10/2021 17:36;29,96;28,29;30,4
ANE;29/10/2021 17:36;30,23;29,05;31,44
ANE;05/11/2021 17:36;29,64;28,69;31
ANE;12/11/2021 17:36;30,96;29,5;31,1
ANE;19/11/2021 17:36;31;30,39;32,64
ANE;26/11/2021 17:36;30,39;30,05;31,78
ANE;03/12/2021 17:36;29,78;29,6;31,55
ANE;10/12/2021 17:36;30,77;29,91;32,05
ANE;17/12/2021 17:36;30,26;30,09;32,22
ANE;23/12/2021 17:36;31,56;29,83;31,56
ANE;30/12/2021 17:36;32,58;31,16;32,83
ANE;07/01/2022 17:36;29,41;29,27;33,05
ANE;14/01/2022 17:36;28,64;28,34;30
ANE;21/01/2022 17:36;28,51;28,02;29,39
ANE;28/01/2022 17:36;26,86;26,75;28,64
ANE;04/02/2022 17:36;28,12;26,86;29,02
ANE;11/02/2022 17:36;27,18;26,5;28,83
ANE;18/02/2022 17:36;27,4;26,11;28,06
ANE;25/02/2022 17:36;29,54;26;31,32
ANE;04/03/2022 17:36;27,78;27,33;30,68
ANE;11/03/2022 17:36;32,38;27;33,42
ANE;18/03/2022 17:36;33,33;30,84;33,33
ANE;25/03/2022 17:36;32,4;31,68;33,5
ANE;01/04/2022 17:36;33,16;32,21;33,97
ANE;08/04/2022 17:36;35,16;33,18;36,9
ANE;14/04/2022 17:36;35,12;34,28;37
ANE;22/04/2022 17:36;34,4;33,96;35,52
ANE;29/04/2022 17:36;35,38;33,58;35,44
ANE;06/05/2022 17:36;34;32,76;35,58
ANE;13/05/2022 17:36;33,88;32,34;34,86
ANE;20/05/2022 17:36;37,42;33,92;37,74
ANE;27/05/2022 17:36;36,68;36,02;37,88
ANE;03/06/2022 17:36;37,28;35,62;37,58
ANE;10/06/2022 17:36;35,94;35,52;38,88
ANE;17/06/2022 17:36;34,66;33,98;36
ANE;24/06/2022 17:36;35,48;33,16;35,66
ANE;01/07/2022 17:36;37,58;35,06;37,8
ANE;08/07/2022 17:36;39,6;37,64;39,82
ANE;15/07/2022 17:36;38,84;37,4;40,42
ANE;22/07/2022 17:36;39,46;38,22;40,28
ANE;29/07/2022 17:36;42,74;38,9;43,74
ANE;05/08/2022 17:36;41,64;41,44;43,92
ANE;12/08/2022 17:36;41,1;40,92;42,2
ANE;19/08/2022 17:36;42,4;41,42;42,8
ANE;26/08/2022 17:36;43,5;41,8;44,2
ANE;02/09/2022 17:36;40,52;39,92;43,12
ANE;09/09/2022 17:36;42,18;38,8;43,04
ANE;16/09/2022 17:36;41,96;40,9;42,4
ANE;23/09/2022 17:36;39,38;38,02;42,34
ANE;30/09/2022 17:36;38,36;37,9;39,84
BBVA;15/10/2021 17:36;5,77;5,58;5,98
BBVA;22/10/2021 17:36;5,69;5,63;5,86
BBVA;29/10/2021 17:36;6,06;5,5;6,1
BBVA;05/11/2021 17:36;6,03;6;6,29
BBVA;12/11/2021 17:36;6,13;5,94;6,19
BBVA;19/11/2021 17:36;5,4;5,3;5,95
BBVA;26/11/2021 17:36;4,85;4,85;5,5
BBVA;03/12/2021 17:36;4,79;4,67;4,97
BBVA;10/12/2021 17:36;5,11;4,82;5,29
BBVA;17/12/2021 17:36;5;4,83;5,21
BBVA;23/12/2021 17:36;5,17;4,78;5,21
BBVA;30/12/2021 17:36;5,25;5,09;5,28
BBVA;07/01/2022 17:36;5,59;5,22;5,59
BBVA;14/01/2022 17:36;5,77;5,55;5,78
BBVA;21/01/2022 17:36;5,63;5,59;5,83
BBVA;28/01/2022 17:36;5,64;5,39;5,76
BBVA;04/02/2022 17:36;5,69;5,51;5,9
BBVA;11/02/2022 17:36;5,97;5,65;6,12
BBVA;18/02/2022 17:36;5,71;5,67;5,94
BBVA;25/02/2022 17:36;5,44;5,21;5,81
BBVA;04/03/2022 17:36;4,8;4,79;5,37
BBVA;11/03/2022 17:36;4,99;4,38;5,29
BBVA;18/03/2022 17:36;5,28;4,99;5,45
BBVA;25/03/2022 17:36;5,12;5,06;5,4
BBVA;01/04/2022 17:36;5,29;5,12;5,55
BBVA;08/04/2022 17:36;4,89;4,81;5,34
BBVA;14/04/2022 17:36;5,03;4,84;5,07
BBVA;22/04/2022 17:36;5,01;4,97;5,2
BBVA;29/04/2022 17:36;5,06;4,64;5,06
BBVA;06/05/2022 17:36;4,59;4,51;5,03
BBVA;13/05/2022 17:36;4,85;4,58;4,86
BBVA;20/05/2022 17:36;4,75;4,7;4,97
BBVA;27/05/2022 17:36;5,04;4,79;5,04
BBVA;03/06/2022 17:36;4,96;4,94;5,16
BBVA;10/06/2022 17:36;4,31;4,31;5,12
BBVA;17/06/2022 17:36;4,27;4,13;4,38
BBVA;24/06/2022 17:36;4,34;4,2;4,42
BBVA;01/07/2022 17:36;4,31;4,2;4,5
BBVA;08/07/2022 17:36;4,4;4,16;4,44
BBVA;15/07/2022 17:36;4,1;3,97;4,38
BBVA;22/07/2022 17:36;4,15;4,06;4,31
BBVA;29/07/2022 17:36;4,42;4,09;4,45
BBVA;05/08/2022 17:36;4,62;4,36;4,66
BBVA;12/08/2022 17:36;4,78;4,6;4,8
BBVA;19/08/2022 17:36;4,7;4,66;4,95
BBVA;26/08/2022 17:36;4,45;4,43;4,67
BBVA;02/09/2022 17:36;4,56;4,4;4,61
BBVA;09/09/2022 17:36;4,85;4,39;4,88
BBVA;16/09/2022 17:36;4,93;4,83;5,02
BBVA;23/09/2022 17:36;4,76;4,67;5,01
BBVA;30/09/2022 17:36;4,62;4,5;4,83
BKT;15/10/2021 17:36;5,15;4,9;5,24
BKT;22/10/2021 17:36;4,72;4,7;5,14
BKT;29/10/2021 17:36;4,76;4,65;4,84
BKT;05/11/2021 17:36;4,97;4,79;5,01
BKT;12/11/2021 17:36;4,98;4,89;5,01
BKT;19/11/2021 17:36;4,56;4,54;5,01
BKT;26/11/2021 17:36;4,31;4,04;4,64
BKT;03/12/2021 17:36;4,34;4,27;4,44
BKT;10/12/2021 17:36;4,31;4,3;4,47
BKT;17/12/2021 17:36;4,32;4,25;4,5
BKT;23/12/2021 17:36;4,5;4,19;4,51
BKT;30/12/2021 17:36;4,51;4,47;4,56
BKT;07/01/2022 17:36;4,85;4,51;4,9
BKT;14/01/2022 17:36;4,99;4,78;5,03
BKT;21/01/2022 17:36;5,18;4,99;5,37
BKT;28/01/2022 17:36;5,28;4,97;5,43
BKT;04/02/2022 17:36;5,63;5,17;5,65
BKT;11/02/2022 17:36;5,98;5,54;6,08
BKT;18/02/2022 17:36;5,63;5,59;5,91
BKT;25/02/2022 17:36;5,24;5;5,7
BKT;04/03/2022 17:36;4,41;4,41;5,19
BKT;11/03/2022 17:36;4,95;4,01;5,16
BKT;18/03/2022 17:36;5,28;4,9;5,5
BKT;25/03/2022 17:36;5,16;5,08;5,52
BKT;01/04/2022 17:36;5,39;5,1;5,5
BKT;08/04/2022 17:36;5,42;5,09;5,47
BKT;14/04/2022 17:36;5,28;5,12;5,46
BKT;22/04/2022 17:36;5,57;5,19;5,77
BKT;29/04/2022 17:36;5,63;5,38;5,69
BKT;06/05/2022 17:36;5,17;5,15;5,68
BKT;13/05/2022 17:36;5,33;5,13;5,44
BKT;20/05/2022 17:36;5,56;5,26;5,68
BKT;27/05/2022 17:36;5,99;5,62;6,07
BKT;03/06/2022 17:36;5,85;5,83;6,05
BKT;10/06/2022 17:36;5,65;5,6;6,19
BKT;17/06/2022 17:36;5,77;5,33;5,87
BKT;24/06/2022 17:36;5,91;5,65;6,27
BKT;01/07/2022 17:36;5,92;5,74;6,09
BKT;08/07/2022 17:36;5,17;5,03;5,95
BKT;15/07/2022 17:36;4,75;4,53;5,14
BKT;22/07/2022 17:36;4,84;4,7;5,22
BKT;29/07/2022 17:36;4,8;4,72;5,02
BKT;05/08/2022 17:36;5,05;4,78;5,09
BKT;12/08/2022 17:36;5,07;5,01;5,17
BKT;19/08/2022 17:36;4,99;4,93;5,18
BKT;26/08/2022 17:36;4,83;4,81;4,97
BKT;02/09/2022 17:36;5,06;4,73;5,16
BKT;09/09/2022 17:36;5,59;4,89;5,7
BKT;16/09/2022 17:36;5,87;5,59;6,11
BKT;23/09/2022 17:36;5,97;5,81;6,11
BKT;30/09/2022 17:36;5,77;5,59;6,02
CABK;15/10/2021 17:36;2,66;2,6;2,75
CABK;22/10/2021 17:36;2,54;2,5;2,68
CABK;29/10/2021 17:36;2,49;2,46;2,64
CABK;05/11/2021 17:36;2,51;2,46;2,53
CABK;12/11/2021 17:36;2,5;2,46;2,54
CABK;19/11/2021 17:36;2,37;2,37;2,53
CABK;26/11/2021 17:36;2,29;2,28;2,44
CABK;03/12/2021 17:36;2,3;2,23;2,35
CABK;10/12/2021 17:36;2,3;2,29;2,4
CABK;17/12/2021 17:36;2,28;2,26;2,35
CABK;23/12/2021 17:36;2,36;2,22;2,37
CABK;30/12/2021 17:36;2,41;2,34;2,43
CABK;07/01/2022 17:36;2,63;2,41;2,64
CABK;14/01/2022 17:36;2,86;2,61;2,86
CABK;21/01/2022 17:36;2,77;2,72;2,93
CABK;28/01/2022 17:36;2,88;2,66;2,92
CABK;04/02/2022 17:36;3,21;2,83;3,25
CABK;11/02/2022 17:36;3,39;3,14;3,43
CABK;18/02/2022 17:36;3,24;3,2;3,35
CABK;25/02/2022 17:36;3,03;2,86;3,28
CABK;04/03/2022 17:36;2,64;2,64;3
CABK;11/03/2022 17:36;2,93;2,45;3,06
CABK;18/03/2022 17:36;3,19;2,96;3,27
CABK;25/03/2022 17:36;3,03;2,98;3,22
CABK;01/04/2022 17:36;3,17;3,02;3,19
CABK;08/04/2022 17:36;3,24;3,07;3,27
CABK;14/04/2022 17:36;3,04;3;3,27
CABK;22/04/2022 17:36;3,09;3,02;3,18
CABK;29/04/2022 17:36;3,09;2,9;3,09
CABK;06/05/2022 17:36;2,95;2,94;3,18
CABK;13/05/2022 17:36;2,89;2,79;3,03
CABK;20/05/2022 17:36;3,12;2,85;3,18
CABK;27/05/2022 17:36;3,36;3,11;3,43
CABK;03/06/2022 17:36;3,38;3,34;3,44
CABK;10/06/2022 17:36;3,22;3,21;3,52
CABK;17/06/2022 17:36;3,41;3,13;3,48
CABK;24/06/2022 17:36;3,4;3,28;3,64
CABK;01/07/2022 17:36;3,31;3,26;3,5
CABK;08/07/2022 17:36;3;2,87;3,32
CABK;15/07/2022 17:36;2,71;2,64;2,99
CABK;22/07/2022 17:36;2,82;2,72;3,01
CABK;29/07/2022 17:36;2,93;2,82;3,02
CABK;05/08/2022 17:36;3,01;2,89;3,03
CABK;12/08/2022 17:36;3,05;3;3,09
CABK;19/08/2022 17:36;2,98;2,95;3,11
CABK;26/08/2022 17:36;2,88;2,86;2,98
CABK;02/09/2022 17:36;3,03;2,85;3,04
CABK;09/09/2022 17:36;3,33;2,94;3,4
CABK;16/09/2022 17:36;3,53;3,32;3,63
CABK;23/09/2022 17:36;3,48;3,43;3,64
CABK;30/09/2022 17:36;3,31;3,28;3,48
CLNX;15/10/2021 17:36;53,58;50,5;53,72
CLNX;22/10/2021 17:36;54,62;52,6;55,02
CLNX;29/10/2021 17:36;53,18;51,9;54,86
CLNX;05/11/2021 17:36;52,72;51,14;53,86
CLNX;12/11/2021 17:36;54,36;52,7;54,7
CLNX;19/11/2021 17:36;52,48;50,62;54,8
CLNX;26/11/2021 17:36;52,74;50,9;53,28
CLNX;03/12/2021 17:36;50,56;50,16;53,66
CLNX;10/12/2021 17:36;52,48;50,64;53,06
CLNX;17/12/2021 17:36;48,8;48,48;54,66
CLNX;23/12/2021 17:36;49,08;47,69;49,57
CLNX;30/12/2021 17:36;51,18;49,07;51,18
CLNX;07/01/2022 17:36;44,36;44,28;51,7
CLNX;14/01/2022 17:36;42,35;42;44,68
CLNX;21/01/2022 17:36;43,19;41,71;44,24
CLNX;28/01/2022 17:36;39,94;38,9;43,13
CLNX;04/02/2022 17:36;39,21;39,16;42,2
CLNX;11/02/2022 17:36;38,85;38,2;39,94
CLNX;18/02/2022 17:36;38,32;38,07;39,84
CLNX;25/02/2022 17:36;39,89;38,03;40,93
CLNX;04/03/2022 17:36;41,04;39,28;42,2
CLNX;11/03/2022 17:36;41,95;40,32;43,26
CLNX;18/03/2022 17:36;43,95;40,77;43,98
CLNX;25/03/2022 17:36;43,44;41,47;43,79
CLNX;01/04/2022 17:36;44,02;43,33;44,88
CLNX;08/04/2022 17:36;44,47;43,92;46,55
CLNX;14/04/2022 17:36;44,95;43,52;45,42
CLNX;22/04/2022 17:36;45,14;43,75;45,98
CLNX;29/04/2022 17:36;44,56;43,85;46,12
CLNX;06/05/2022 17:36;41,8;40,83;44,94
CLNX;13/05/2022 17:36;40,6;39,28;41,66
CLNX;20/05/2022 17:36;40,42;38,83;40,91
CLNX;27/05/2022 17:36;43,29;39,92;43,99
CLNX;03/06/2022 17:36;41,08;40,85;43,33
CLNX;10/06/2022 17:36;40,76;40,2;42,94
CLNX;17/06/2022 17:36;38,5;35,39;40,31
CLNX;24/06/2022 17:36;38,95;36,9;39,21
CLNX;01/07/2022 17:36;38,16;36,17;39,6
CLNX;08/07/2022 17:36;38,6;37,15;39,08
CLNX;15/07/2022 17:36;41,97;38,21;42,5
CLNX;22/07/2022 17:36;42,4;40,19;42,77
CLNX;29/07/2022 17:36;43,59;40,55;44,9
CLNX;05/08/2022 17:36;41,63;41,59;44,52
CLNX;12/08/2022 17:36;42,32;40,49;42,62
CLNX;19/08/2022 17:36;42,53;41,8;43,48
CLNX;26/08/2022 17:36;39,92;39,7;42,8
CLNX;02/09/2022 17:36;38,37;37,56;39,78
CLNX;09/09/2022 17:36;38,15;36,61;38,44
CLNX;16/09/2022 17:36;34,97;34,9;39,31
CLNX;23/09/2022 17:36;31,85;31,54;35,03
CLNX;30/09/2022 17:36;31,79;31;32,68
COL;15/10/2021 17:36;8,49;8,23;8,51
COL;22/10/2021 17:36;8,32;8,29;8,49
COL;29/10/2021 17:36;8,41;8,18;8,62
COL;05/11/2021 17:36;8,68;8,13;8,7
COL;12/11/2021 17:36;8,48;8,35;8,74
COL;19/11/2021 17:36;8,07;7,99;8,72
COL;26/11/2021 17:36;8,16;8,03;8,52
COL;03/12/2021 17:36;7,78;7,75;8,34
COL;10/12/2021 17:36;8,05;7,79;8,1
COL;17/12/2021 17:36;8,03;7,81;8,21
COL;23/12/2021 17:36;8,13;7,8;8,17
COL;30/12/2021 17:36;8,25;8,08;8,25
COL;07/01/2022 17:36;8,27;8,19;8,47
COL;14/01/2022 17:36;8,31;8,16;8,46
COL;21/01/2022 17:36;8,02;8,01;8,37
COL;28/01/2022 17:36;7,82;7,59;8,1
COL;04/02/2022 17:36;7,4;7,4;7,95
COL;11/02/2022 17:36;7,64;7,22;7,76
COL;18/02/2022 17:36;7,64;7,44;7,82
COL;25/02/2022 17:36;7,7;7,2;7,7
COL;04/03/2022 17:36;7,28;7,28;7,9
COL;11/03/2022 17:36;7,91;6,93;7,97
COL;18/03/2022 17:36;8,16;7,86;8,3
COL;25/03/2022 17:36;8,25;7,91;8,32
COL;01/04/2022 17:36;8,26;8,13;8,39
COL;08/04/2022 17:36;8,25;8;8,49
COL;14/04/2022 17:36;8,33;8,1;8,39
COL;22/04/2022 17:36;8,13;8,13;8,37
COL;29/04/2022 17:36;7,97;7,93;8,31
COL;06/05/2022 17:36;7,67;7,58;8,05
COL;13/05/2022 17:36;7,69;7,38;7,69
COL;20/05/2022 17:36;7,68;7,6;7,91
COL;27/05/2022 17:36;7,83;7,64;7,83
COL;03/06/2022 17:36;7,42;7,27;7,93
COL;10/06/2022 17:36;6,99;6,87;7,66
COL;17/06/2022 17:36;6,53;6,4;6,92
COL;24/06/2022 17:36;6,59;6,26;6,61
COL;01/07/2022 17:36;6,09;6,03;6,72
COL;08/07/2022 17:36;6,09;5,81;6,16
COL;15/07/2022 17:36;6,09;5,86;6,15
COL;22/07/2022 17:36;6,33;6,06;6,37
COL;29/07/2022 17:36;6,47;6,14;6,55
COL;05/08/2022 17:36;6,41;6,3;6,59
COL;12/08/2022 17:36;6,69;6,38;6,7
COL;19/08/2022 17:36;6,29;6,25;6,69
COL;26/08/2022 17:36;5,95;5,95;6,27
COL;02/09/2022 17:36;5,91;5,71;6,04
COL;09/09/2022 17:36;5,82;5,68;5,96
COL;16/09/2022 17:36;5,7;5,51;6,11
COL;23/09/2022 17:36;5,02;4,95;5,75
COL;30/09/2022 17:36;4,94;4,5;5,02
ELE;15/10/2021 17:36;18,66;17,81;19,04
ELE;22/10/2021 17:36;19,07;18,55;19,23
ELE;29/10/2021 17:36;19,95;18,99;20,05
ELE;05/11/2021 17:36;20;19,25;20,2
ELE;12/11/2021 17:36;19,2;19,05;20,09
ELE;19/11/2021 17:36;19,2;19,08;19,48
ELE;26/11/2021 17:36;20,08;19,09;20,49
ELE;03/12/2021 17:36;19,43;19,3;20,3
ELE;10/12/2021 17:36;19,64;19,53;20,08
ELE;17/12/2021 17:36;19,67;19,51;20,15
ELE;23/12/2021 17:36;20,3;19,22;20,3
ELE;30/12/2021 17:36;20,2;19,96;20,69
ELE;07/01/2022 17:36;19,39;19,31;20,36
ELE;14/01/2022 17:36;19,2;19,06;19,65
ELE;21/01/2022 17:36;19,76;19,18;19,98
ELE;28/01/2022 17:36;20;19,35;20,28
ELE;04/02/2022 17:36;19,18;19,09;20,19
ELE;11/02/2022 17:36;18,72;18,51;19,37
ELE;18/02/2022 17:36;18,77;18,2;18,93
ELE;25/02/2022 17:36;19,47;17,82;19,55
ELE;04/03/2022 17:36;17,84;17,77;19,67
ELE;11/03/2022 17:36;18,42;17,06;18,84
ELE;18/03/2022 17:36;18,48;17,9;18,95
ELE;25/03/2022 17:36;18,42;18,14;18,85
ELE;01/04/2022 17:36;19,63;18,44;19,86
ELE;08/04/2022 17:36;20,03;18,95;20,31
ELE;14/04/2022 17:36;19,61;19,19;20,13
ELE;22/04/2022 17:36;19,86;19,18;20,07
ELE;29/04/2022 17:36;20,03;19,51;20,44
ELE;06/05/2022 17:36;19,68;19,41;20,31
ELE;13/05/2022 17:36;19,82;18,6;20,02
ELE;20/05/2022 17:36;20,67;19,7;20,92
ELE;27/05/2022 17:36;20,86;20,15;21,06
ELE;03/06/2022 17:36;20,43;20,1;21,02
ELE;10/06/2022 17:36;19,9;19,65;20,97
ELE;17/06/2022 17:36;19,09;19,08;19,93
ELE;24/06/2022 17:36;18,95;18,1;19,43
ELE;01/07/2022 17:36;18,55;17,77;19,45
ELE;08/07/2022 17:36;18,08;17,99;18,74
ELE;15/07/2022 17:36;17,72;17,46;18,43
ELE;22/07/2022 17:36;17,77;17,47;18
ELE;29/07/2022 17:36;17,91;17,13;18,26
ELE;05/08/2022 17:36;17,79;17,66;18,2
ELE;12/08/2022 17:36;18,04;17,84;18,3
ELE;19/08/2022 17:36;18,16;18,01;18,45
ELE;26/08/2022 17:36;17,86;17,81;18,27
ELE;02/09/2022 17:36;17,25;16,91;17,88
ELE;09/09/2022 17:36;17,48;16,98;17,77
ELE;16/09/2022 17:36;17,63;16,91;18
ELE;23/09/2022 17:36;16,95;16,82;17,99
ELE;30/09/2022 17:36;15,42;15,37;17,04
ENG;15/10/2021 17:36;19,63;19,17;19,86
ENG;22/10/2021 17:36;19,49;19,15;19,6
ENG;29/10/2021 17:36;19,41;18,91;19,81
ENG;05/11/2021 17:36;20,09;19,27;20,18
ENG;12/11/2021 17:36;19,93;19,57;20,25
ENG;19/11/2021 17:36;19,72;19,68;20,23
ENG;26/11/2021 17:36;19,87;19,76;20,34
ENG;03/12/2021 17:36;20,11;19,77;20,27
ENG;10/12/2021 17:36;20,6;20,14;20,71
ENG;17/12/2021 17:36;19,88;19,48;21,02
ENG;23/12/2021 17:36;20,36;19,43;20,36
ENG;30/12/2021 17:36;20,4;20,27;20,73
ENG;07/01/2022 17:36;20;19,81;20,49
ENG;14/01/2022 17:36;20,15;19,72;20,15
ENG;21/01/2022 17:36;19,81;19,8;20,21
ENG;28/01/2022 17:36;19,63;19,2;19,97
ENG;04/02/2022 17:36;18,97;18,92;19,75
ENG;11/02/2022 17:36;18,9;18,58;19,16
ENG;18/02/2022 17:36;18,31;18,26;18,9
ENG;25/02/2022 17:36;18,78;17,7;18,81
ENG;04/03/2022 17:36;18,69;18,55;19,36
ENG;11/03/2022 17:36;20;18,31;20,49
ENG;18/03/2022 17:36;20,08;19,53;20,18
ENG;25/03/2022 17:36;20,31;19,59;20,36
ENG;01/04/2022 17:36;20,21;19,61;20,58
ENG;08/04/2022 17:36;21,13;19,85;21,15
ENG;14/04/2022 17:36;21,16;20,3;21,33
ENG;22/04/2022 17:36;20,48;20,22;21,2
ENG;29/04/2022 17:36;20,57;20,11;21,05
ENG;06/05/2022 17:36;20,73;19,96;21,2
ENG;13/05/2022 17:36;20,76;20,21;20,92
ENG;20/05/2022 17:36;21,47;20,61;21,63
ENG;27/05/2022 17:36;21,72;21,56;22,3
ENG;03/06/2022 17:36;21,58;21,26;21,89
ENG;10/06/2022 17:36;21,71;21,24;22,18
ENG;17/06/2022 17:36;21,12;20,92;22,14
ENG;24/06/2022 17:36;20,71;20,08;21,57
ENG;01/07/2022 17:36;21,27;20,61;21,71
ENG;08/07/2022 17:36;19,66;19,54;21,73
ENG;15/07/2022 17:36;18,7;18,22;19,83
ENG;22/07/2022 17:36;18,74;18,2;19,15
ENG;29/07/2022 17:36;19,28;18,67;19,42
ENG;05/08/2022 17:36;18,85;18,39;19,28
ENG;12/08/2022 17:36;19,45;18,81;19,65
ENG;19/08/2022 17:36;19,41;19,32;19,68
ENG;26/08/2022 17:36;19,31;19,2;19,68
ENG;02/09/2022 17:36;18,45;18,02;19,39
ENG;09/09/2022 17:36;17,77;17,31;18,46
ENG;16/09/2022 17:36;17,27;17;17,84
ENG;23/09/2022 17:36;16,9;16,82;17,42
ENG;30/09/2022 17:36;15,84;15,76;16,91
FDR;15/10/2021 17:36;35,1;32,5;35,35
FDR;22/10/2021 17:36;36,9;34,65;37,45
FDR;29/10/2021 17:36;33,05;32,3;37,5
FDR;05/11/2021 17:36;33,1;31,2;33,9
FDR;12/11/2021 17:36;33,65;32,85;34,4
FDR;19/11/2021 17:36;35,5;33,5;35,95
FDR;26/11/2021 17:36;32,95;32;36,35
FDR;03/12/2021 17:36;32,15;31,95;34,8
FDR;10/12/2021 17:36;32,75;32,15;34,9
FDR;17/12/2021 17:36;32,5;31,25;33,45
FDR;23/12/2021 17:36;34,15;30,85;34,2
FDR;30/12/2021 17:36;35,2;33,75;35,4
FDR;07/01/2022 17:36;33,3;33,05;35,25
FDR;14/01/2022 17:36;30,3;30,05;33,45
FDR;21/01/2022 17:36;29,9;29,25;31
FDR;28/01/2022 17:36;27,8;27,7;29,65
FDR;04/02/2022 17:36;27,25;27,1;29,3
FDR;11/02/2022 17:36;26,75;26,1;27,8
FDR;18/02/2022 17:36;25,25;25,15;26,6
FDR;25/02/2022 17:36;24,9;22,45;25,6
FDR;04/03/2022 17:36;24,2;24,2;27,55
FDR;11/03/2022 17:36;25,15;23,1;25,7
FDR;18/03/2022 17:36;28,35;25;28,35
FDR;25/03/2022 17:36;26,5;26,4;28,6
FDR;01/04/2022 17:36;25,2;25,1;28
FDR;08/04/2022 17:36;25,98;24,5;26,52
FDR;14/04/2022 17:36;25,24;24,58;26,2
FDR;22/04/2022 17:36;26,04;24,46;26,9
FDR;29/04/2022 17:36;26,12;24,8;26,14
FDR;06/05/2022 17:36;23,64;23,3;26,06
FDR;13/05/2022 17:36;22,8;21,02;23,7
FDR;20/05/2022 17:36;22,78;21,58;23,48
FDR;27/05/2022 17:36;24,54;22,46;25,08
FDR;03/06/2022 17:36;24,72;24,34;25,32
FDR;10/06/2022 17:36;22,14;21,92;25,32
FDR;17/06/2022 17:36;21,12;20,52;22,08
FDR;24/06/2022 17:36;22,44;20,58;22,58
FDR;01/07/2022 17:36;19,32;18,56;23,06
FDR;08/07/2022 17:36;19,7;17,74;19,72
FDR;15/07/2022 17:36;19,35;18,79;20,08
FDR;22/07/2022 17:36;19,25;18,56;20,48
FDR;29/07/2022 17:36;18,17;17,22;19,43
FDR;05/08/2022 17:36;18,63;16,8;18,98
FDR;12/08/2022 17:36;18,58;18,21;19,32
FDR;19/08/2022 17:36;17,57;17,57;18,88
FDR;26/08/2022 17:36;15,97;15,97;17,56
FDR;02/09/2022 17:36;15,7;15,02;16,32
FDR;09/09/2022 17:36;15,76;14,93;15,85
FDR;16/09/2022 17:36;15,15;14,69;16,39
FDR;23/09/2022 17:36;14,76;14,17;15,54
FDR;30/09/2022 17:36;15,52;14,32;15,61
FER;15/10/2021 17:36;26,7;25,43;26,71
FER;22/10/2021 17:36;27,18;25,97;27,23
FER;29/10/2021 17:36;27,26;26,45;27,73
FER;05/11/2021 17:36;27,4;26,74;28,07
FER;12/11/2021 17:36;26,35;26,2;27,6
FER;19/11/2021 17:36;25,98;25,78;27,03
FER;26/11/2021 17:36;24,77;24,77;27,27
FER;03/12/2021 17:36;25,4;24,42;25,96
FER;10/12/2021 17:36;25,49;25,49;26,43
FER;17/12/2021 17:36;25,69;25,29;25,88
FER;23/12/2021 17:36;26,93;24,72;27,05
FER;30/12/2021 17:36;27,56;26,66;27,63
FER;07/01/2022 17:36;26,62;26,33;27,97
FER;14/01/2022 17:36;26,43;26,15;27,21
FER;21/01/2022 17:36;25,67;25,52;26,71
FER;28/01/2022 17:36;24,18;23,8;25,58
FER;04/02/2022 17:36;24,11;24,01;25,47
FER;11/02/2022 17:36;24,46;23,47;25,08
FER;18/02/2022 17:36;24,59;23,51;25,57
FER;25/02/2022 17:36;24,37;22,7;25,02
FER;04/03/2022 17:36;23,4;23,17;24,88
FER;11/03/2022 17:36;24,4;22,19;24,71
FER;18/03/2022 17:36;25,64;24,49;25,78
FER;25/03/2022 17:36;24,61;24,61;25,68
FER;01/04/2022 17:36;24,38;23,87;24,93
FER;08/04/2022 17:36;24,37;23,47;25,03
FER;14/04/2022 17:36;25,74;24,35;25,9
FER;22/04/2022 17:36;24,47;24,47;25,74
FER;29/04/2022 17:36;24,59;23,85;25,37
FER;06/05/2022 17:36;23,67;22,84;25,08
FER;13/05/2022 17:36;23,87;22,85;23,93
FER;20/05/2022 17:36;23,31;23,11;24,26
FER;27/05/2022 17:36;24,21;23,28;24,32
FER;03/06/2022 17:36;24,5;23,88;24,6
FER;10/06/2022 17:36;24,68;24,46;25,39
FER;17/06/2022 17:36;23,53;23,13;24,81
FER;24/06/2022 17:36;24,48;22,77;24,6
FER;01/07/2022 17:36;24,22;23,25;24,66
FER;08/07/2022 17:36;26;24,19;26,09
FER;15/07/2022 17:36;25,6;24,57;25,7
FER;22/07/2022 17:36;26,25;25,62;26,78
FER;29/07/2022 17:36;26,08;25,76;26,7
FER;05/08/2022 17:36;25,92;25,78;26,52
FER;12/08/2022 17:36;26,37;25,47;26,77
FER;19/08/2022 17:36;26,83;26,28;27,05
FER;26/08/2022 17:36;25,87;25,74;26,67
FER;02/09/2022 17:36;25,11;24,59;25,79
FER;09/09/2022 17:36;25,16;24,31;25,33
FER;16/09/2022 17:36;24,65;24,55;26
FER;23/09/2022 17:36;23,3;23,09;25,27
FER;30/09/2022 17:36;23,39;22,73;23,52
GRF;15/10/2021 17:36;20,5;19,6;20,81
GRF;22/10/2021 17:36;20,2;19,73;20,65
GRF;29/10/2021 17:36;19,8;19,65;20,6
GRF;05/11/2021 17:36;18,5;18,16;20
GRF;12/11/2021 17:36;18,26;18,02;18,73
GRF;19/11/2021 17:36;17,62;17,62;18,7
GRF;26/11/2021 17:36;17,17;17,08;17,91
GRF;03/12/2021 17:36;15,37;15,33;17,23
GRF;10/12/2021 17:36;15,41;15,08;15,63
GRF;17/12/2021 17:36;16,5;15,3;16,58
GRF;23/12/2021 17:36;16,2;15,57;16,47
GRF;30/12/2021 17:36;16,88;16,15;17,3
GRF;07/01/2022 17:36;16,22;15,82;17,01
GRF;14/01/2022 17:36;17,07;16,16;17,16
GRF;21/01/2022 17:36;16,61;16,55;17,27
GRF;28/01/2022 17:36;15,38;15,22;16,72
GRF;04/02/2022 17:36;15,15;15,05;16,06
GRF;11/02/2022 17:36;14,81;14,29;15,43
GRF;18/02/2022 17:36;14,6;14,32;15,05
GRF;25/02/2022 17:36;15,8;14,1;15,89
GRF;04/03/2022 17:36;15,92;15,22;17,62
GRF;11/03/2022 17:36;16,26;15,44;17,01
GRF;18/03/2022 17:36;16,07;15,08;16,32
GRF;25/03/2022 17:36;15,49;15,35;16,81
GRF;01/04/2022 17:36;16,47;15,27;16,95
GRF;08/04/2022 17:36;16,27;16,11;17,64
GRF;14/04/2022 17:36;15,58;15,08;16,28
GRF;22/04/2022 17:36;16,23;15,39;16,93
GRF;29/04/2022 17:36;16;15,88;17,27
GRF;06/05/2022 17:36;18,63;14,86;18,95
GRF;13/05/2022 17:36;19,7;16,95;19,7
GRF;20/05/2022 17:36;19,88;19,05;20,18
GRF;27/05/2022 17:36;19,85;19,43;20,14
GRF;03/06/2022 17:36;18,68;18,55;20,28
GRF;10/06/2022 17:36;18,25;18,01;19,45
GRF;17/06/2022 17:36;17,9;17,47;18,49
GRF;24/06/2022 17:36;18,53;17,85;19,04
GRF;01/07/2022 17:36;18,64;16,77;19,58
GRF;08/07/2022 17:36;16,9;16,63;18,64
GRF;15/07/2022 17:36;15,98;15,37;17,5
GRF;22/07/2022 17:36;16,43;16,02;16,72
GRF;29/07/2022 17:36;14,22;14,07;16,63
GRF;05/08/2022 17:36;14,08;13,03;14,29
GRF;12/08/2022 17:36;13,76;13,64;14,3
GRF;19/08/2022 17:36;13,22;13,15;13,97
GRF;26/08/2022 17:36;12,42;12,35;13,28
GRF;02/09/2022 17:36;11,82;11,6;12,32
GRF;09/09/2022 17:36;12,47;11,26;12,66
GRF;16/09/2022 17:36;11,76;11,69;12,74
GRF;23/09/2022 17:36;10,03;9,45;12,11
GRF;30/09/2022 17:36;8,88;8,61;10,37
IAG;15/10/2021 17:36;2,17;2,01;2,18
IAG;22/10/2021 17:36;1,85;1,82;2,17
IAG;29/10/2021 17:36;1,93;1,84;1,95
IAG;05/11/2021 17:36;2,1;1,9;2,1
IAG;12/11/2021 17:36;1,93;1,93;2,13
IAG;19/11/2021 17:36;1,77;1,73;1,98
IAG;26/11/2021 17:36;1,55;1,53;1,85
IAG;03/12/2021 17:36;1,55;1,48;1,64
IAG;10/12/2021 17:36;1,61;1,55;1,72
IAG;17/12/2021 17:36;1,55;1,48;1,62
IAG;23/12/2021 17:36;1,7;1,46;1,75
IAG;30/12/2021 17:36;1,7;1,67;1,75
IAG;07/01/2022 17:36;1,93;1,73;2
IAG;14/01/2022 17:36;1,98;1,87;1,99
IAG;21/01/2022 17:36;1,89;1,86;2,02
IAG;28/01/2022 17:36;1,85;1,74;1,93
IAG;04/02/2022 17:36;1,84;1,81;1,95
IAG;11/02/2022 17:36;2,07;1,84;2,14
IAG;18/02/2022 17:36;1,95;1,9;2,12
IAG;25/02/2022 17:36;1,83;1,72;2,01
IAG;04/03/2022 17:36;1,51;1,5;1,85
IAG;11/03/2022 17:36;1,59;1,34;1,67
IAG;18/03/2022 17:36;1,69;1,57;1,77
IAG;25/03/2022 17:36;1,65;1,61;1,73
IAG;01/04/2022 17:36;1,68;1,65;1,78
IAG;08/04/2022 17:36;1,6;1,59;1,71
IAG;14/04/2022 17:36;1,76;1,56;1,77
IAG;22/04/2022 17:36;1,78;1,71;1,87
IAG;29/04/2022 17:36;1,72;1,62;1,81
IAG;06/05/2022 17:36;1,55;1,5;1,79
IAG;13/05/2022 17:36;1,45;1,4;1,58
IAG;20/05/2022 17:36;1,48;1,41;1,5
IAG;27/05/2022 17:36;1,54;1,43;1,55
IAG;03/06/2022 17:36;1,51;1,48;1,61
IAG;10/06/2022 17:36;1,42;1,42;1,52
IAG;17/06/2022 17:36;1,32;1,28;1,41
IAG;24/06/2022 17:36;1,34;1,31;1,43
IAG;01/07/2022 17:36;1,26;1,22;1,37
IAG;08/07/2022 17:36;1,3;1,2;1,31
IAG;15/07/2022 17:36;1,31;1,2;1,34
IAG;22/07/2022 17:36;1,35;1,3;1,38
IAG;29/07/2022 17:36;1,41;1,32;1,5
IAG;05/08/2022 17:36;1,42;1,35;1,45
IAG;12/08/2022 17:36;1,4;1,39;1,44
IAG;19/08/2022 17:36;1,33;1,33;1,46
IAG;26/08/2022 17:36;1,25;1,25;1,32
IAG;02/09/2022 17:36;1,25;1,22;1,27
IAG;09/09/2022 17:36;1,27;1,21;1,29
IAG;16/09/2022 17:36;1,21;1,21;1,32
IAG;23/09/2022 17:36;1,13;1,12;1,25
IAG;30/09/2022 17:36;1,08;1,06;1,16
IBE;15/10/2021 17:36;9,45;9,15;9,77
IBE;22/10/2021 17:36;9,72;9,29;9,87
IBE;29/10/2021 17:36;10,22;9,62;10,28
IBE;05/11/2021 17:36;10,28;9,99;10,34
IBE;12/11/2021 17:36;10,07;10;10,34
IBE;19/11/2021 17:36;10,09;9,99;10,23
IBE;26/11/2021 17:36;9,95;9,86;10,3
IBE;03/12/2021 17:36;9,69;9,62;10,08
IBE;10/12/2021 17:36;9,74;9,7;10,12
IBE;17/12/2021 17:36;9,75;9,66;9,97
IBE;23/12/2021 17:36;10,08;9,49;10,09
IBE;30/12/2021 17:36;10,41;10;10,47
IBE;07/01/2022 17:36;10,26;10,13;10,52
IBE;14/01/2022 17:36;9,93;9,79;10,15
IBE;21/01/2022 17:36;10,15;9,87;10,26
IBE;28/01/2022 17:36;10,12;9,85;10,21
IBE;04/02/2022 17:36;9,7;9,61;10,34
IBE;11/02/2022 17:36;9,44;9,36;9,77
IBE;18/02/2022 17:36;9,29;9,09;9,51
IBE;25/02/2022 17:36;9,92;8,93;9,98
IBE;04/03/2022 17:36;8,96;8,92;10,26
IBE;11/03/2022 17:36;9,82;8,47;10,02
IBE;18/03/2022 17:36;9,75;9,57;10,06
IBE;25/03/2022 17:36;9,54;9,44;9,84
IBE;01/04/2022 17:36;9,91;9,56;10,05
IBE;08/04/2022 17:36;10,82;9,85;10,85
IBE;14/04/2022 17:36;10,51;10,28;10,72
IBE;22/04/2022 17:36;10,44;10,34;10,74
IBE;29/04/2022 17:36;11,01;10,34;11,11
IBE;06/05/2022 17:36;10,67;10,64;11,16
IBE;13/05/2022 17:36;10,68;10,48;10,91
IBE;20/05/2022 17:36;11,1;10,55;11,18
IBE;27/05/2022 17:36;11,31;10,87;11,49
IBE;03/06/2022 17:36;10,81;10,69;11,33
IBE;10/06/2022 17:36;10,31;10,23;10,97
IBE;17/06/2022 17:36;9,86;9,77;10,26
IBE;24/06/2022 17:36;10,06;9,3;10,18
IBE;01/07/2022 17:36;10,34;9,75;10,34
IBE;08/07/2022 17:36;9,91;9,91;10,44
IBE;15/07/2022 17:36;9,81;9,6;10,23
IBE;22/07/2022 17:36;9,99;9,67;10,01
IBE;29/07/2022 17:36;10,43;9,88;10,55
IBE;05/08/2022 17:36;10,48;10,33;10,58
IBE;12/08/2022 17:36;10,74;10,51;10,88
IBE;19/08/2022 17:36;10,94;10,77;11,07
IBE;26/08/2022 17:36;10,93;10,84;11,15
IBE;02/09/2022 17:36;10,56;10,32;10,85
IBE;09/09/2022 17:36;10,71;10,36;10,91
IBE;16/09/2022 17:36;10,57;10,39;10,99
IBE;23/09/2022 17:36;10,19;10,07;10,71
IBE;30/09/2022 17:36;9,58;9,51;10,2
IDR;15/10/2021 17:36;9,47;8,77;9,52
IDR;22/10/2021 17:36;9,52;9,38;9,65
IDR;29/10/2021 17:36;10,45;9,46;10,45
IDR;05/11/2021 17:36;10,78;10,29;10,9
IDR;12/11/2021 17:36;10,95;10,69;11,1
IDR;19/11/2021 17:36;10,51;10,42;11,08
IDR;26/11/2021 17:36;10,16;10,09;10,54
IDR;03/12/2021 17:36;10,04;9,97;10,4
IDR;10/12/2021 17:36;10,43;10,08;10,56
IDR;17/12/2021 17:36;9,07;9,03;10,69
IDR;23/12/2021 17:36;9,3;8,86;9,51
IDR;30/12/2021 17:36;9,52;9,16;9,6
IDR;07/01/2022 17:36;9,45;9,39;9,76
IDR;14/01/2022 17:36;9,39;9,21;9,61
IDR;21/01/2022 17:36;9,41;9,29;9,71
IDR;28/01/2022 17:36;8,85;8,59;9,32
IDR;04/02/2022 17:36;9,04;8,75;9,32
IDR;11/02/2022 17:36;9,21;8,7;9,29
IDR;18/02/2022 17:36;9,07;8,66;9,32
IDR;25/02/2022 17:36;9,71;8,15;9,73
IDR;04/03/2022 17:36;8,82;8,82;10,89
IDR;11/03/2022 17:36;9,04;8,19;9,28
IDR;18/03/2022 17:36;10,17;9,06;10,17
IDR;25/03/2022 17:36;10,28;9,8;10,46
IDR;01/04/2022 17:36;9,5;9,48;10,41
IDR;08/04/2022 17:36;9,28;9,15;9,73
IDR;14/04/2022 17:36;9,19;8,91;9,3
IDR;22/04/2022 17:36;9,25;9,09;9,61
IDR;29/04/2022 17:36;9,77;9,05;9,96
IDR;06/05/2022 17:36;9,5;9,39;10,06
IDR;13/05/2022 17:36;9,49;9,18;9,62
IDR;20/05/2022 17:36;9,62;9,28;9,77
IDR;27/05/2022 17:36;10,22;9,7;10,28
IDR;03/06/2022 17:36;10,65;10,12;10,69
IDR;10/06/2022 17:36;10,73;10,58;11,03
IDR;17/06/2022 17:36;10,42;9,99;10,59
IDR;24/06/2022 17:36;8,64;7,95;10,79
IDR;01/07/2022 17:36;8,93;8,65;9,33
IDR;08/07/2022 17:36;9,4;8,57;9,55
IDR;15/07/2022 17:36;9,31;8,99;9,53
IDR;22/07/2022 17:36;9,28;9,14;9,57
IDR;29/07/2022 17:36;8,9;8,57;9,37
IDR;05/08/2022 17:36;8,47;8,26;8,98
IDR;12/08/2022 17:36;8,55;8,44;8,74
IDR;19/08/2022 17:36;8,4;8,38;8,65
IDR;26/08/2022 17:36;8,09;8,09;8,39
IDR;02/09/2022 17:36;7,76;7,57;8,13
IDR;09/09/2022 17:36;8,02;7,52;8,07
IDR;16/09/2022 17:36;8,17;7,87;8,4
IDR;23/09/2022 17:36;7,9;7,74;8,28
IDR;30/09/2022 17:36;7,86;7,54;8,15
ITX;15/10/2021 17:36;31,15;30,04;31,22
ITX;22/10/2021 17:36;30,76;30,76;31,89
ITX;29/10/2021 17:36;31,24;30,48;31,24
ITX;05/11/2021 17:36;32,27;31,17;32,41
ITX;12/11/2021 17:36;31,8;31,27;32,28
ITX;19/11/2021 17:36;30,47;30,29;32,04
ITX;26/11/2021 17:36;29,24;29;32,24
ITX;03/12/2021 17:36;27,85;27,74;30,13
ITX;10/12/2021 17:36;28,4;27,94;29,89
ITX;17/12/2021 17:36;27,81;27,1;29,07
ITX;23/12/2021 17:36;28,15;27,03;28,28
ITX;30/12/2021 17:36;28,53;27,91;28,58
ITX;07/01/2022 17:36;27,66;27,55;29,06
ITX;14/01/2022 17:36;27,77;27,57;28,24
ITX;21/01/2022 17:36;28,1;27,65;29,03
ITX;28/01/2022 17:36;27,03;26,66;28,19
ITX;04/02/2022 17:36;25,04;25,02;27,4
ITX;11/02/2022 17:36;25,75;24,8;26,59
ITX;18/02/2022 17:36;25,35;24,71;25,57
ITX;25/02/2022 17:36;24,24;23,2;25,57
ITX;04/03/2022 17:36;20,36;20,14;23,7
ITX;11/03/2022 17:36;21,76;18,55;22,87
ITX;18/03/2022 17:36;20,88;20,65;22,9
ITX;25/03/2022 17:36;20,8;20,46;21,43
ITX;01/04/2022 17:36;20,11;19,64;21,43
ITX;08/04/2022 17:36;20,16;19,43;20,26
ITX;14/04/2022 17:36;20,54;19,63;20,67
ITX;22/04/2022 17:36;20,32;20,17;21,28
ITX;29/04/2022 17:36;20,1;19,9;20,85
ITX;06/05/2022 17:36;20,25;19;21,23
ITX;13/05/2022 17:36;20,54;19,57;20,54
ITX;20/05/2022 17:36;20,42;19,92;21,15
ITX;27/05/2022 17:36;22,29;20,13;22,49
ITX;03/06/2022 17:36;22,07;21,95;22,82
ITX;10/06/2022 17:36;22,8;21,49;24,1
ITX;17/06/2022 17:36;21,74;21,57;22,97
ITX;24/06/2022 17:36;21,93;20,73;22,37
ITX;01/07/2022 17:36;21,97;21,26;22,27
ITX;08/07/2022 17:36;23,33;21,39;23,6
ITX;15/07/2022 17:36;24,23;22,81;24,39
ITX;22/07/2022 17:36;24,56;23,98;25,21
ITX;29/07/2022 17:36;23,69;23,33;24,68
ITX;05/08/2022 17:36;24,09;23,55;24,74
ITX;12/08/2022 17:36;25,37;24,22;25,67
ITX;19/08/2022 17:36;24,78;24,72;26,08
ITX;26/08/2022 17:36;22,27;22,15;24,76
ITX;02/09/2022 17:36;21,7;20,97;22,71
ITX;09/09/2022 17:36;21,47;20,53;21,92
ITX;16/09/2022 17:36;22,45;21,63;23,29
ITX;23/09/2022 17:36;21,04;21,04;22,72
ITX;30/09/2022 17:36;21,28;20,62;21,47
MAP;15/10/2021 17:36;1,79;1,79;1,85
MAP;22/10/2021 17:36;1,81;1,77;1,82
MAP;29/10/2021 17:36;1,83;1,81;1,86
MAP;05/11/2021 17:36;1,94;1,86;1,98
MAP;12/11/2021 17:36;1,94;1,91;1,97
MAP;19/11/2021 17:36;1,91;1,89;1,98
MAP;26/11/2021 17:36;1,83;1,81;1,97
MAP;03/12/2021 17:36;1,79;1,79;1,86
MAP;10/12/2021 17:36;1,8;1,79;1,84
MAP;17/12/2021 17:36;1,76;1,75;1,81
MAP;23/12/2021 17:36;1,8;1,71;1,81
MAP;30/12/2021 17:36;1,81;1,79;1,83
MAP;07/01/2022 17:36;1,89;1,81;1,89
MAP;14/01/2022 17:36;1,92;1,85;1,92
MAP;21/01/2022 17:36;1,87;1,86;1,96
MAP;28/01/2022 17:36;1,93;1,83;1,96
MAP;04/02/2022 17:36;1,91;1,91;1,96
MAP;11/02/2022 17:36;2,01;1,91;2,01
MAP;18/02/2022 17:36;1,9;1,89;1,98
MAP;25/02/2022 17:36;1,8;1,74;1,93
MAP;04/03/2022 17:36;1,66;1,64;1,79
MAP;11/03/2022 17:36;1,77;1,58;1,83
MAP;18/03/2022 17:36;1,85;1,77;1,87
MAP;25/03/2022 17:36;1,88;1,85;1,91
MAP;01/04/2022 17:36;1,91;1,88;1,93
MAP;08/04/2022 17:36;1,89;1,86;1,92
MAP;14/04/2022 17:36;1,88;1,84;1,92
MAP;22/04/2022 17:36;1,9;1,88;1,96
MAP;29/04/2022 17:36;1,75;1,71;1,92
MAP;06/05/2022 17:36;1,71;1,69;1,77
MAP;13/05/2022 17:36;1,72;1,7;1,75
MAP;20/05/2022 17:36;1,77;1,72;1,81
MAP;27/05/2022 17:36;1,78;1,76;1,84
MAP;03/06/2022 17:36;1,74;1,73;1,79
MAP;10/06/2022 17:36;1,68;1,68;1,77
MAP;17/06/2022 17:36;1,69;1,65;1,73
MAP;24/06/2022 17:36;1,66;1,64;1,72
MAP;01/07/2022 17:36;1,7;1,64;1,71
MAP;08/07/2022 17:36;1,65;1,61;1,71
MAP;15/07/2022 17:36;1,59;1,53;1,65
MAP;22/07/2022 17:36;1,54;1,53;1,61
MAP;29/07/2022 17:36;1,58;1,53;1,58
MAP;05/08/2022 17:36;1,62;1,55;1,63
MAP;12/08/2022 17:36;1,67;1,61;1,68
MAP;19/08/2022 17:36;1,64;1,63;1,69
MAP;26/08/2022 17:36;1,63;1,62;1,66
MAP;02/09/2022 17:36;1,67;1,6;1,67
MAP;09/09/2022 17:36;1,65;1,59;1,66
MAP;16/09/2022 17:36;1,72;1,67;1,73
MAP;23/09/2022 17:36;1,66;1,64;1,73
MAP;30/09/2022 17:36;1,59;1,56;1,65
MEL;15/10/2021 17:36;7,09;6,61;7,09
MEL;22/10/2021 17:36;6,34;6,19;7,08
MEL;29/10/2021 17:36;6,36;6,12;6,48
MEL;05/11/2021 17:36;6,91;6,23;6,91
MEL;12/11/2021 17:36;6,35;6,31;6,92
MEL;19/11/2021 17:36;6,06;5,96;6,79
MEL;26/11/2021 17:36;5,84;5,68;6,37
MEL;03/12/2021 17:36;5,64;5,49;5,98
MEL;10/12/2021 17:36;5,73;5,6;6,11
MEL;17/12/2021 17:36;5,54;5,32;5,83
MEL;23/12/2021 17:36;5,93;5,24;6,05
MEL;30/12/2021 17:36;6;5,79;6,09
MEL;07/01/2022 17:36;6,4;6,03;6,5
MEL;14/01/2022 17:36;6,44;6,34;6,65
MEL;21/01/2022 17:36;6,53;6,38;6,59
MEL;28/01/2022 17:36;6,61;6,26;6,67
MEL;04/02/2022 17:36;6,68;6,52;6,99
MEL;11/02/2022 17:36;7,24;6,6;7,34
MEL;18/02/2022 17:36;7,12;6,84;7,46
MEL;25/02/2022 17:36;7,03;6,6;7,28
MEL;04/03/2022 17:36;5,93;5,92;7,1
MEL;11/03/2022 17:36;6,34;5,35;6,55
MEL;18/03/2022 17:36;6,64;6,14;6,79
MEL;25/03/2022 17:36;6,6;6,46;6,72
MEL;01/04/2022 17:36;6,73;6,57;6,96
MEL;08/04/2022 17:36;6,28;6,23;6,83
MEL;14/04/2022 17:36;6,88;6,22;6,9
MEL;22/04/2022 17:36;7;6,79;7,38
MEL;29/04/2022 17:36;7,96;6,85;8,03
MEL;06/05/2022 17:36;7,94;7,6;8,24
MEL;13/05/2022 17:36;6,88;6,69;7,99
MEL;20/05/2022 17:36;6,97;6,81;7,2
MEL;27/05/2022 17:36;7,26;6,76;7,32
MEL;03/06/2022 17:36;7,46;7,34;7,6
MEL;10/06/2022 17:36;7,08;7,08;7,76
MEL;17/06/2022 17:36;6,68;6,29;6,98
MEL;24/06/2022 17:36;6,82;6,49;7,08
MEL;01/07/2022 17:36;5,97;5,9;6,89
MEL;08/07/2022 17:36;5,83;5,59;6,12
MEL;15/07/2022 17:36;5,78;5,51;5,85
MEL;22/07/2022 17:36;5,89;5,76;6,09
MEL;29/07/2022 17:36;6,14;5,79;6,36
MEL;05/08/2022 17:36;6,23;6,02;6,28
MEL;12/08/2022 17:36;6,44;6,13;6,47
MEL;19/08/2022 17:36;6,22;6,21;6,56
MEL;26/08/2022 17:36;6,02;6,02;6,31
MEL;02/09/2022 17:36;5,95;5,78;6,01
MEL;09/09/2022 17:36;5,53;5,2;5,9
MEL;16/09/2022 17:36;5,55;5,49;5,74
MEL;23/09/2022 17:36;4,96;4,95;5,56
MEL;30/09/2022 17:36;4,76;4,65;5,01
MRL;15/10/2021 17:36;9,51;9,03;9,52
MRL;22/10/2021 17:36;9,35;9,19;9,46
MRL;29/10/2021 17:36;9,37;9,14;9,51
MRL;05/11/2021 17:36;9,81;9,22;9,81
MRL;12/11/2021 17:36;9,71;9,42;9,85
MRL;19/11/2021 17:36;9,86;9,67;10,27
MRL;26/11/2021 17:36;9,83;9,78;10,29
MRL;03/12/2021 17:36;9,56;9,47;10,12
MRL;10/12/2021 17:36;9,82;9,49;9,91
MRL;17/12/2021 17:36;9,56;9,46;9,85
MRL;23/12/2021 17:36;9,35;8,95;9,49
MRL;30/12/2021 17:36;9,57;9,27;9,6
MRL;07/01/2022 17:36;9,64;9,61;9,95
MRL;14/01/2022 17:36;10,01;9,52;10,07
MRL;21/01/2022 17:36;9,95;9,85;10,22
MRL;28/01/2022 17:36;9,88;9,51;10,07
MRL;04/02/2022 17:36;9,61;9,61;10,23
MRL;11/02/2022 17:36;10,26;9,54;10,32
MRL;18/02/2022 17:36;10,2;9,93;10,45
MRL;25/02/2022 17:36;10,19;9,5;10,33
MRL;04/03/2022 17:36;8,94;8,93;10,2
MRL;11/03/2022 17:36;9,64;8,37;9,78
MRL;18/03/2022 17:36;10,26;9,69;10,38
MRL;25/03/2022 17:36;10,65;10,01;10,7
MRL;01/04/2022 17:36;10,62;10,57;10,86
MRL;08/04/2022 17:36;10,59;10,22;11,11
MRL;14/04/2022 17:36;10,83;10,43;10,91
MRL;22/04/2022 17:36;10,82;10,56;10,95
MRL;29/04/2022 17:36;10,41;10,38;10,95
MRL;06/05/2022 17:36;9,86;9,76;10,42
MRL;13/05/2022 17:36;10,29;9,75;10,31
MRL;20/05/2022 17:36;10,34;9,98;10,55
MRL;27/05/2022 17:36;10,64;10,37;10,82
MRL;03/06/2022 17:36;10,54;10,28;10,8
MRL;10/06/2022 17:36;10;9,99;10,6
MRL;17/06/2022 17:36;9,8;9,53;9,97
MRL;24/06/2022 17:36;9,76;9,49;9,93
MRL;01/07/2022 17:36;9,26;9,08;10,1
MRL;08/07/2022 17:36;9,6;9,06;9,62
MRL;15/07/2022 17:36;9,6;9,26;9,66
MRL;22/07/2022 17:36;9,97;9,4;10,04
MRL;29/07/2022 17:36;10,47;9,87;10,52
MRL;05/08/2022 17:36;9,49;9,41;10,5
MRL;12/08/2022 17:36;9,96;9,49;9,99
MRL;19/08/2022 17:36;9,69;9,66;10,11
MRL;26/08/2022 17:36;9,35;9,31;9,72
MRL;02/09/2022 17:36;9,15;8,84;9,39
MRL;09/09/2022 17:36;9,21;8,95;9,26
MRL;16/09/2022 17:36;9,02;8,83;9,41
MRL;23/09/2022 17:36;7,93;7,85;8,99
MRL;30/09/2022 17:36;7,91;7,24;8
MTS;15/10/2021 17:36;27,7;25,18;27,95
MTS;22/10/2021 17:36;27,22;26,97;28,19
MTS;29/10/2021 17:36;29,34;27,45;29,58
MTS;05/11/2021 17:36;27,95;27,6;30,15
MTS;12/11/2021 17:36;27,63;26,8;29,02
MTS;19/11/2021 17:36;26,45;26,28;27,72
MTS;26/11/2021 17:36;24,26;24,22;27,49
MTS;03/12/2021 17:36;24,48;23,3;25,33
MTS;10/12/2021 17:36;25,75;24,46;26,65
MTS;17/12/2021 17:36;28,64;25,67;29,23
MTS;23/12/2021 17:36;28,35;27,67;29,23
MTS;30/12/2021 17:36;28,38;28,3;28,86
MTS;07/01/2022 17:36;30,5;28,06;30,86
MTS;14/01/2022 17:36;32,41;29,89;33,02
MTS;21/01/2022 17:36;28,87;28,77;32,74
MTS;28/01/2022 17:36;25,56;25,37;28,3
MTS;04/02/2022 17:36;27,17;25,95;28,4
MTS;11/02/2022 17:36;28,14;27,39;29,78
MTS;18/02/2022 17:36;26,9;25,83;27,86
MTS;25/02/2022 17:36;27,37;24,45;27,8
MTS;04/03/2022 17:36;26,73;26,54;30,73
MTS;11/03/2022 17:36;27,66;25,03;27,83
MTS;18/03/2022 17:36;28,3;26,45;29,4
MTS;25/03/2022 17:36;31,18;28,47;31,19
MTS;01/04/2022 17:36;29,77;28,75;31,3
MTS;08/04/2022 17:36;28,27;27,31;29,85
MTS;14/04/2022 17:36;30,51;28,05;30,55
MTS;22/04/2022 17:36;29,55;29,55;31,2
MTS;29/04/2022 17:36;28,13;26,53;28,85
MTS;06/05/2022 17:36;26,33;25,57;28,34
MTS;13/05/2022 17:36;26,43;25,1;27,06
MTS;20/05/2022 17:36;27,4;26,1;28,05
MTS;27/05/2022 17:36;30,44;27,87;30,44
MTS;03/06/2022 17:36;30,32;29,25;30,95
MTS;10/06/2022 17:36;27,2;27,13;30,98
MTS;17/06/2022 17:36;24,75;24,5;26,98
MTS;24/06/2022 17:36;22,5;21,82;25,41
MTS;01/07/2022 17:36;21,59;21,04;23,72
MTS;08/07/2022 17:36;21,9;20,55;22,21
MTS;15/07/2022 17:36;21,5;20,75;22,29
MTS;22/07/2022 17:36;23,03;21,7;23,24
MTS;29/07/2022 17:36;23,89;22,47;24,04
MTS;05/08/2022 17:36;24;22,98;24,25
MTS;12/08/2022 17:36;24,47;23,93;25,2
MTS;19/08/2022 17:36;23,23;23,21;25,08
MTS;26/08/2022 17:36;23,53;22,25;24,3
MTS;02/09/2022 17:36;23,22;21,88;24,46
MTS;09/09/2022 17:36;22,92;21,93;23,41
MTS;16/09/2022 17:36;22,19;21,4;24,16
MTS;23/09/2022 17:36;21,03;20,85;22,45
MTS;30/09/2022 17:36;20,63;19,42;21,54
NTGY;15/10/2021 17:36;23,25;21,41;24,87
NTGY;22/10/2021 17:36;22,03;21,99;23,29
NTGY;29/10/2021 17:36;22,73;21,91;22,82
NTGY;05/11/2021 17:36;23,38;22,72;23,6
NTGY;12/11/2021 17:36;22,47;22,24;23,42
NTGY;19/11/2021 17:36;22,92;22,24;23,05
NTGY;26/11/2021 17:36;24,17;22,74;24,44
NTGY;03/12/2021 17:36;24,5;24,02;24,87
NTGY;10/12/2021 17:36;25,29;24,28;25,43
NTGY;17/12/2021 17:36;26,85;25,17;26,85
NTGY;23/12/2021 17:36;28,15;26,17;28,19
NTGY;30/12/2021 17:36;28,63;27,68;29,14
NTGY;07/01/2022 17:36;28,52;28,1;29
NTGY;14/01/2022 17:36;29,13;28,15;29,28
NTGY;21/01/2022 17:36;28,44;28,13;29,96
NTGY;28/01/2022 17:36;28,31;27,47;28,73
NTGY;04/02/2022 17:36;27,79;27,23;28,65
NTGY;11/02/2022 17:36;25,01;24,95;29,44
NTGY;18/02/2022 17:36;24,28;24,07;25,19
NTGY;25/02/2022 17:36;23,53;22,25;24,12
NTGY;04/03/2022 17:36;22,92;22,64;24,19
NTGY;11/03/2022 17:36;24,72;22,07;25,37
NTGY;18/03/2022 17:36;24,64;23,66;25,04
NTGY;25/03/2022 17:36;26,36;24,48;26,36
NTGY;01/04/2022 17:36;26,86;26,21;27,37
NTGY;08/04/2022 17:36;29,24;26,63;29,36
NTGY;14/04/2022 17:36;29,56;28,57;29,84
NTGY;22/04/2022 17:36;28,73;28,5;29,78
NTGY;29/04/2022 17:36;28,73;28,17;29,75
NTGY;06/05/2022 17:36;28,23;26,91;29,2
NTGY;13/05/2022 17:36;25,96;25,32;28,44
NTGY;20/05/2022 17:36;27,68;25,92;28,1
NTGY;27/05/2022 17:36;28,38;27,35;28,66
NTGY;03/06/2022 17:36;28,12;27,56;28,61
NTGY;10/06/2022 17:36;26,99;26,67;28,86
NTGY;17/06/2022 17:36;27,11;26,61;28,49
NTGY;24/06/2022 17:36;26,85;26,02;27,63
NTGY;01/07/2022 17:36;27,79;26,77;28,18
NTGY;08/07/2022 17:36;28,05;27,1;28,58
NTGY;15/07/2022 17:36;28,23;27,35;28,79
NTGY;22/07/2022 17:36;28,22;27,45;28,81
NTGY;29/07/2022 17:36;28,62;27,61;29,25
NTGY;05/08/2022 17:36;26,79;26,5;28,82
NTGY;12/08/2022 17:36;28,35;26,64;28,45
NTGY;19/08/2022 17:36;29,08;28,22;29,29
NTGY;26/08/2022 17:36;29,58;28,98;30,05
NTGY;02/09/2022 17:36;27,77;27,07;29,3
NTGY;09/09/2022 17:36;27,52;27,13;28,23
NTGY;16/09/2022 17:36;25,59;25,59;27,47
NTGY;23/09/2022 17:36;25,33;25,33;26,58
NTGY;30/09/2022 17:36;23,73;23,52;25,48
PHM;15/10/2021 17:36;71,38;69,26;71,74
PHM;22/10/2021 17:36;71,02;70,24;72,14
PHM;29/10/2021 17:36;67,14;67;71,44
PHM;05/11/2021 17:36;60,7;60,42;67,42
PHM;12/11/2021 17:36;61;60,64;63,28
PHM;19/11/2021 17:36;60,12;58,74;62,98
PHM;26/11/2021 17:36;58,28;55,5;60,1
PHM;03/12/2021 17:36;52,76;52,56;58,74
PHM;10/12/2021 17:36;52,78;52,2;56,1
PHM;17/12/2021 17:36;54,56;52,14;54,98
PHM;23/12/2021 17:36;55,32;52,84;57,66
PHM;30/12/2021 17:36;57,02;54,6;57,8
PHM;07/01/2022 17:36;53,66;52,84;57,5
PHM;14/01/2022 17:36;55,8;53,56;66
PHM;21/01/2022 17:36;55,88;54,74;58,8
PHM;28/01/2022 17:36;54,44;52,2;56,4
PHM;04/02/2022 17:36;54,7;53,72;57,68
PHM;11/02/2022 17:36;54,2;53,46;55,96
PHM;18/02/2022 17:36;53,98;52,26;55,5
PHM;25/02/2022 17:36;51,36;46,5;54,8
PHM;04/03/2022 17:36;54,9;50,6;62,76
PHM;11/03/2022 17:36;59,02;52,62;61,46
PHM;18/03/2022 17:36;64,86;58,4;65,1
PHM;25/03/2022 17:36;67,4;62,92;69,5
PHM;01/04/2022 17:36;71,84;66,2;72,1
PHM;08/04/2022 17:36;74,84;71;77,48
PHM;14/04/2022 17:36;76,42;72,98;77,34
PHM;22/04/2022 17:36;76,3;75,3;77,9
PHM;29/04/2022 17:36;72,98;69,9;78,3
PHM;06/05/2022 17:36;71,36;70,5;74,12
PHM;13/05/2022 17:36;69,34;65,22;71,44
PHM;20/05/2022 17:36;70,1;66,8;71,5
PHM;27/05/2022 17:36;70,82;68,56;72,2
PHM;03/06/2022 17:36;70,34;69,28;73,8
PHM;10/06/2022 17:36;70,72;69,16;74,48
PHM;17/06/2022 17:36;61,98;58,16;69,98
PHM;24/06/2022 17:36;65,38;60,8;66,5
PHM;01/07/2022 17:36;68,5;64,28;68,92
PHM;08/07/2022 17:36;69,04;65,64;69,8
PHM;15/07/2022 17:36;67,1;64,92;70,62
PHM;22/07/2022 17:36;72,24;67,68;74,86
PHM;29/07/2022 17:36;60,12;59,8;73,78
PHM;05/08/2022 17:36;61,62;57,08;63,3
PHM;12/08/2022 17:36;61,82;60,74;62,96
PHM;19/08/2022 17:36;61,46;61;63,8
PHM;26/08/2022 17:36;59,02;58,88;62,8
PHM;02/09/2022 17:36;58,22;56,58;59,3
PHM;09/09/2022 17:36;58,22;54,98;58,66
PHM;16/09/2022 17:36;58,84;58;61,48
PHM;23/09/2022 17:36;54,52;54,14;59,06
PHM;30/09/2022 17:36;54,36;52,26;55,1
RED;15/10/2021 17:36;17,65;17,42;17,98
RED;22/10/2021 17:36;17,64;17,36;17,84
RED;29/10/2021 17:36;18,01;17,52;18,14
RED;05/11/2021 17:36;18,18;17,95;18,36
RED;12/11/2021 17:36;18,02;17,8;18,18
RED;19/11/2021 17:36;18,08;17,81;18,11
RED;26/11/2021 17:36;18,4;17,96;18,62
RED;03/12/2021 17:36;18,53;18,22;18,84
RED;10/12/2021 17:36;18,96;18,52;19,03
RED;17/12/2021 17:36;18,75;18,3;19,47
RED;23/12/2021 17:36;18,69;18,43;19,06
RED;30/12/2021 17:36;19,02;18,55;19,17
RED;07/01/2022 17:36;17,95;17,86;19,35
RED;14/01/2022 17:36;17,78;17,52;18,01
RED;21/01/2022 17:36;17,86;17,54;17,98
RED;28/01/2022 17:36;18,05;17,59;18,13
RED;04/02/2022 17:36;17,49;17,36;18,2
RED;11/02/2022 17:36;17,2;17,02;17,55
RED;18/02/2022 17:36;16,97;16,81;17,22
RED;25/02/2022 17:36;17,21;15,82;17,27
RED;04/03/2022 17:36;17,31;17;18,17
RED;11/03/2022 17:36;17,82;16,93;18,18
RED;18/03/2022 17:36;17,73;16,98;17,93
RED;25/03/2022 17:36;17,63;17,05;17,86
RED;01/04/2022 17:36;18,8;17,63;18,84
RED;08/04/2022 17:36;19,6;18,22;19,6
RED;14/04/2022 17:36;19,42;18,96;19,52
RED;22/04/2022 17:36;18,56;18,45;19,43
RED;29/04/2022 17:36;19,14;18,41;19,4
RED;06/05/2022 17:36;18,95;17,95;19,56
RED;13/05/2022 17:36;18,72;18,51;19,18
RED;20/05/2022 17:36;19,52;18,74;19,7
RED;27/05/2022 17:36;19,42;19,08;20,05
RED;03/06/2022 17:36;19,08;18,77;19,72
RED;10/06/2022 17:36;18,7;18,36;19,33
RED;17/06/2022 17:36;18,61;17,5;19,12
RED;24/06/2022 17:36;18,41;17,52;18,83
RED;01/07/2022 17:36;18,45;17,83;18,9
RED;08/07/2022 17:36;18,13;18,04;18,73
RED;15/07/2022 17:36;17,93;17,64;18,72
RED;22/07/2022 17:36;18,32;17,61;18,32
RED;29/07/2022 17:36;19,23;18,25;19,36
RED;05/08/2022 17:36;19,04;18,8;19,45
RED;12/08/2022 17:36;19,11;19,02;19,61
RED;19/08/2022 17:36;19,63;19,05;19,65
RED;26/08/2022 17:36;19,42;19,3;19,93
RED;02/09/2022 17:36;18,5;18,06;19,34
RED;09/09/2022 17:36;18,08;17,73;18,8
RED;16/09/2022 17:36;17,7;17,55;18,54
RED;23/09/2022 17:36;16,91;16,7;17,91
RED;30/09/2022 17:36;15,71;15,67;17,01
REP;15/10/2021 17:36;11,58;10,79;11,72
REP;22/10/2021 17:36;11,47;11,39;11,71
REP;29/10/2021 17:36;11,06;10,9;11,72
REP;05/11/2021 17:36;10,81;10,58;11,18
REP;12/11/2021 17:36;10,88;10,72;11,22
REP;19/11/2021 17:36;10,37;10,35;11,12
REP;26/11/2021 17:36;9,71;9,62;10,76
REP;03/12/2021 17:36;10,06;9,6;10,31
REP;10/12/2021 17:36;10,1;10,06;10,54
REP;17/12/2021 17:36;9,94;9,79;10,27
REP;23/12/2021 17:36;10,37;9,63;10,44
REP;30/12/2021 17:36;10,44;10,27;10,67
REP;07/01/2022 17:36;10,83;10,44;11,25
REP;14/01/2022 17:36;11,24;10,73;11,27
REP;21/01/2022 17:36;10,66;10,49;11,41
REP;28/01/2022 17:36;11,19;10,28;11,37
REP;04/02/2022 17:36;11,49;11,11;11,59
REP;11/02/2022 17:36;11,87;11,37;11,88
REP;18/02/2022 17:36;11,73;11,44;12,04
REP;25/02/2022 17:36;11,59;10,98;11,82
REP;04/03/2022 17:36;11,47;11,34;12,68
REP;11/03/2022 17:36;11,63;11,29;12,47
REP;18/03/2022 17:36;11,22;11,16;11,66
REP;25/03/2022 17:36;12,16;11,24;12,2
REP;01/04/2022 17:36;11,95;11,62;12,31
REP;08/04/2022 17:36;12,83;11,87;12,83
REP;14/04/2022 17:36;13,77;12,66;13,82
REP;22/04/2022 17:36;13,2;12,73;14,08
REP;29/04/2022 17:36;14,29;12,5;14,33
REP;06/05/2022 17:36;14,84;13,8;14,94
REP;13/05/2022 17:36;14,26;13,22;14,8
REP;20/05/2022 17:36;14,41;13,98;14,88
REP;27/05/2022 17:36;14,99;14,46;15,15
REP;03/06/2022 17:36;15,16;14,64;15,31
REP;10/06/2022 17:36;15,49;15,23;16,23
REP;17/06/2022 17:36;13,74;13,74;15,59
REP;24/06/2022 17:36;13,75;13,31;14,33
REP;01/07/2022 17:36;13,48;13,42;14,41
REP;08/07/2022 17:36;12,98;12,46;13,95
REP;15/07/2022 17:36;11,89;11,63;13,02
REP;22/07/2022 17:36;12,03;11,65;12,29
REP;29/07/2022 17:36;12,13;11,65;12,62
REP;05/08/2022 17:36;11,84;11,54;12,2
REP;12/08/2022 17:36;12,65;11,83;12,9
REP;19/08/2022 17:36;13,08;12,21;13,18
REP;26/08/2022 17:36;13,43;12,84;13,73
REP;02/09/2022 17:36;13,38;12,79;13,82
REP;09/09/2022 17:36;13,11;12,78;13,84
REP;16/09/2022 17:36;11,96;11,89;13,45
REP;23/09/2022 17:36;11,36;11,19;12,37
REP;30/09/2022 17:36;11,81;11,32;12
ROVI;15/10/2021 17:36;56,3;53;57,2
ROVI;22/10/2021 17:36;60;55,1;60,8
ROVI;29/10/2021 17:36;60,6;57,8;60,8
ROVI;05/11/2021 17:36;56,9;56,3;65,2
ROVI;12/11/2021 17:36;58,4;55,8;60,3
ROVI;19/11/2021 17:36;61;57,9;61,4
ROVI;26/11/2021 17:36;62,7;59,7;63,8
ROVI;03/12/2021 17:36;62,6;62,4;65,8
ROVI;10/12/2021 17:36;66,7;62,1;71,1
ROVI;17/12/2021 17:36;69,1;64,5;69,5
ROVI;23/12/2021 17:36;72;67,5;73,2
ROVI;30/12/2021 17:36;73,8;71,6;74,2
ROVI;07/01/2022 17:36;67,7;66,7;74,4
ROVI;14/01/2022 17:36;65,7;65,1;68,9
ROVI;21/01/2022 17:36;63;63;67,1
ROVI;28/01/2022 17:36;63;60,1;64,5
ROVI;04/02/2022 17:36;66,5;63,7;69,4
ROVI;11/02/2022 17:36;65,1;61,8;67,2
ROVI;18/02/2022 17:36;68,3;62,1;70,4
ROVI;25/02/2022 17:36;71,8;67,9;74,9
ROVI;04/03/2022 17:36;66,3;65,9;73,2
ROVI;11/03/2022 17:36;69,1;64,2;70,3
ROVI;18/03/2022 17:36;68,7;64,7;71,6
ROVI;25/03/2022 17:36;68,3;67,7;70,1
ROVI;01/04/2022 17:36;65,85;65,1;69,3
ROVI;08/04/2022 17:36;69,9;66;70,8
ROVI;14/04/2022 17:36;66,6;65,45;70,35
ROVI;22/04/2022 17:36;62,5;62,35;66,2
ROVI;29/04/2022 17:36;65,2;60,95;65,8
ROVI;06/05/2022 17:36;62,75;61,85;65,25
ROVI;13/05/2022 17:36;59,45;56,05;62,85
ROVI;20/05/2022 17:36;59,9;56,35;61,6
ROVI;27/05/2022 17:36;61,25;58,2;61,4
ROVI;03/06/2022 17:36;61,55;61,05;63,9
ROVI;10/06/2022 17:36;56,9;56,5;62,3
ROVI;17/06/2022 17:36;56,5;53,7;57,05
ROVI;24/06/2022 17:36;59,5;56,25;60,05
ROVI;01/07/2022 17:36;57,65;56,55;61,3
ROVI;08/07/2022 17:36;60,9;56,05;61,2
ROVI;15/07/2022 17:36;59;56,5;61,45
ROVI;22/07/2022 17:36;59,75;56,8;60,4
ROVI;29/07/2022 17:36;51;50,95;61,3
ROVI;05/08/2022 17:36;50,15;48,62;51,2
ROVI;12/08/2022 17:36;51,3;50,1;52,2
ROVI;19/08/2022 17:36;50,95;50,7;52,2
ROVI;26/08/2022 17:36;49,98;49,84;52,65
ROVI;02/09/2022 17:36;49,02;47,76;49,56
ROVI;09/09/2022 17:36;46,7;45,1;50,15
ROVI;16/09/2022 17:36;45,66;45,48;47,8
ROVI;23/09/2022 17:36;41,72;41,06;45,62
ROVI;30/09/2022 17:36;44,2;41,04;44,56
SAB;15/10/2021 17:36;0,67;0,66;0,72
SAB;22/10/2021 17:36;0,65;0,64;0,68
SAB;29/10/2021 17:36;0,7;0,65;0,71
SAB;05/11/2021 17:36;0,67;0,67;0,72
SAB;12/11/2021 17:36;0,68;0,66;0,69
SAB;19/11/2021 17:36;0,61;0,61;0,69
SAB;26/11/2021 17:36;0,59;0,58;0,65
SAB;03/12/2021 17:36;0,58;0,57;0,61
SAB;10/12/2021 17:36;0,59;0,59;0,61
SAB;17/12/2021 17:36;0,56;0,55;0,62
SAB;23/12/2021 17:36;0,59;0,53;0,59
SAB;30/12/2021 17:36;0,59;0,58;0,6
SAB;07/01/2022 17:36;0,66;0,59;0,66
SAB;14/01/2022 17:36;0,66;0,65;0,67
SAB;21/01/2022 17:36;0,64;0,63;0,7
SAB;28/01/2022 17:36;0,68;0,61;0,7
SAB;04/02/2022 17:36;0,84;0,66;0,84
SAB;11/02/2022 17:36;0,94;0,82;0,95
SAB;18/02/2022 17:36;0,9;0,88;0,94
SAB;25/02/2022 17:36;0,82;0,76;0,92
SAB;04/03/2022 17:36;0,64;0,64;0,79
SAB;11/03/2022 17:36;0,7;0,56;0,73
SAB;18/03/2022 17:36;0,74;0,7;0,78
SAB;25/03/2022 17:36;0,73;0,72;0,78
SAB;01/04/2022 17:36;0,75;0,74;0,8
SAB;08/04/2022 17:36;0,74;0,69;0,76
SAB;14/04/2022 17:36;0,73;0,72;0,75
SAB;22/04/2022 17:36;0,78;0,73;0,82
SAB;29/04/2022 17:36;0,74;0,7;0,78
SAB;06/05/2022 17:36;0,68;0,67;0,75
SAB;13/05/2022 17:36;0,71;0,68;0,72
SAB;20/05/2022 17:36;0,73;0,7;0,75
SAB;27/05/2022 17:36;0,83;0,74;0,87
SAB;03/06/2022 17:36;0,82;0,82;0,85
SAB;10/06/2022 17:36;0,79;0,79;0,86
SAB;17/06/2022 17:36;0,8;0,75;0,81
SAB;24/06/2022 17:36;0,81;0,78;0,86
SAB;01/07/2022 17:36;0,76;0,75;0,81
SAB;08/07/2022 17:36;0,68;0,65;0,76
SAB;15/07/2022 17:36;0,62;0,57;0,67
SAB;22/07/2022 17:36;0,63;0,61;0,69
SAB;29/07/2022 17:36;0,62;0,62;0,7
SAB;05/08/2022 17:36;0,66;0,62;0,66
SAB;12/08/2022 17:36;0,68;0,65;0,68
SAB;19/08/2022 17:36;0,65;0,65;0,69
SAB;26/08/2022 17:36;0,64;0,63;0,66
SAB;02/09/2022 17:36;0,69;0,63;0,69
SAB;09/09/2022 17:36;0,74;0,66;0,76
SAB;16/09/2022 17:36;0,75;0,73;0,79
SAB;23/09/2022 17:36;0,79;0,74;0,8
SAB;30/09/2022 17:36;0,69;0,68;0,78
SAN;15/10/2021 17:36;3,35;3,26;3,39
SAN;22/10/2021 17:36;3,28;3,28;3,38
SAN;29/10/2021 17:36;3,28;3,19;3,37
SAN;05/11/2021 17:36;3,28;3,22;3,35
SAN;12/11/2021 17:36;3,19;3,16;3,3
SAN;19/11/2021 17:36;3,06;3,01;3,24
SAN;26/11/2021 17:36;2,78;2,78;3,12
SAN;03/12/2021 17:36;2,76;2,72;2,86
SAN;10/12/2021 17:36;2,7;2,68;2,85
SAN;17/12/2021 17:36;2,78;2,65;2,8
SAN;23/12/2021 17:36;2,9;2,69;2,92
SAN;30/12/2021 17:36;2,94;2,87;2,95
SAN;07/01/2022 17:36;3,11;2,93;3,12
SAN;14/01/2022 17:36;3,17;3,09;3,17
SAN;21/01/2022 17:36;3,08;3,04;3,19
SAN;28/01/2022 17:36;3,15;2,91;3,23
SAN;04/02/2022 17:36;3,25;3,07;3,34
SAN;11/02/2022 17:36;3,48;3,22;3,48
SAN;18/02/2022 17:36;3,32;3,3;3,46
SAN;25/02/2022 17:36;3,12;2,94;3,38
SAN;04/03/2022 17:36;2,72;2,71;3,02
SAN;11/03/2022 17:36;2,86;2,49;3,01
SAN;18/03/2022 17:36;3,12;2,89;3,19
SAN;25/03/2022 17:36;3,06;3,03;3,21
SAN;01/04/2022 17:36;3,18;3,07;3,26
SAN;08/04/2022 17:36;3,12;3,01;3,21
SAN;14/04/2022 17:36;3,15;3,08;3,19
SAN;22/04/2022 17:36;3,17;3,13;3,25
SAN;29/04/2022 17:36;2,82;2,72;3,16
SAN;06/05/2022 17:36;2,65;2,64;2,84
SAN;13/05/2022 17:36;2,73;2,6;2,73
SAN;20/05/2022 17:36;2,74;2,68;2,8
SAN;27/05/2022 17:36;3,04;2,77;3,05
SAN;03/06/2022 17:36;2,96;2,95;3,08
SAN;10/06/2022 17:36;2,7;2,7;3,05
SAN;17/06/2022 17:36;2,7;2,59;2,76
SAN;24/06/2022 17:36;2,76;2,68;2,85
SAN;01/07/2022 17:36;2,68;2,64;2,82
SAN;08/07/2022 17:36;2,61;2,51;2,72
SAN;15/07/2022 17:36;2,41;2,32;2,6
SAN;22/07/2022 17:36;2,43;2,4;2,55
SAN;29/07/2022 17:36;2,44;2,37;2,49
SAN;05/08/2022 17:36;2,5;2,36;2,53
SAN;12/08/2022 17:36;2,67;2,49;2,68
SAN;19/08/2022 17:36;2,53;2,52;2,69
SAN;26/08/2022 17:36;2,41;2,4;2,52
SAN;02/09/2022 17:36;2,43;2,35;2,5
SAN;09/09/2022 17:36;2,54;2,33;2,56
SAN;16/09/2022 17:36;2,65;2,54;2,69
SAN;23/09/2022 17:36;2,52;2,49;2,68
SAN;30/09/2022 17:36;2,4;2,35;2,55
SCYR;15/10/2021 17:36;2,38;2,23;2,39
SCYR;22/10/2021 17:36;2,43;2,32;2,44
SCYR;29/10/2021 17:36;2,46;2,41;2,47
SCYR;05/11/2021 17:36;2,29;2,24;2,52
SCYR;12/11/2021 17:36;2,23;2,21;2,31
SCYR;19/11/2021 17:36;2,15;2,11;2,24
SCYR;26/11/2021 17:36;2,06;2,05;2,17
SCYR;03/12/2021 17:36;2,11;2,06;2,15
SCYR;10/12/2021 17:36;2,15;2,11;2,21
SCYR;17/12/2021 17:36;2,11;2,08;2,17
SCYR;23/12/2021 17:36;2,2;2,01;2,21
SCYR;30/12/2021 17:36;2,29;2,17;2,29
SCYR;07/01/2022 17:36;2,26;2,21;2,32
SCYR;14/01/2022 17:36;2,27;2,25;2,34
SCYR;21/01/2022 17:36;2,24;2,17;2,29
SCYR;28/01/2022 17:36;2,2;2,14;2,28
SCYR;04/02/2022 17:36;2,24;2,19;2,28
SCYR;11/02/2022 17:36;2,3;2,23;2,34
SCYR;18/02/2022 17:36;2,22;2,21;2,3
SCYR;25/02/2022 17:36;2,11;2,01;2,24
SCYR;04/03/2022 17:36;1,92;1,92;2,11
SCYR;11/03/2022 17:36;2,01;1,8;2,06
SCYR;18/03/2022 17:36;2,06;2;2,09
SCYR;25/03/2022 17:36;2,12;2,05;2,15
SCYR;01/04/2022 17:36;2,22;2,12;2,26
SCYR;08/04/2022 17:36;2,35;2,1;2,36
SCYR;14/04/2022 17:36;2,58;2,33;2,59
SCYR;22/04/2022 17:36;2,52;2,44;2,58
SCYR;29/04/2022 17:36;2,58;2,47;2,61
SCYR;06/05/2022 17:36;2,53;2,49;2,68
SCYR;13/05/2022 17:36;2,45;2,37;2,53
SCYR;20/05/2022 17:36;2,54;2,45;2,62
SCYR;27/05/2022 17:36;2,69;2,57;2,71
SCYR;03/06/2022 17:36;2,59;2,56;2,71
SCYR;10/06/2022 17:36;2,55;2,54;2,67
SCYR;17/06/2022 17:36;2,38;2,34;2,52
SCYR;24/06/2022 17:36;2,39;2,3;2,46
SCYR;01/07/2022 17:36;2,33;2,2;2,51
SCYR;08/07/2022 17:36;2,32;2,2;2,36
SCYR;15/07/2022 17:36;2,24;2,16;2,29
SCYR;22/07/2022 17:36;2,28;2,23;2,3
SCYR;29/07/2022 17:36;2,23;2,23;2,39
SCYR;05/08/2022 17:36;2,23;2,11;2,24
SCYR;12/08/2022 17:36;2,37;2,22;2,38
SCYR;19/08/2022 17:36;2,32;2,29;2,38
SCYR;26/08/2022 17:36;2,22;2,21;2,32
SCYR;02/09/2022 17:36;2,24;2,18;2,26
SCYR;09/09/2022 17:36;2,29;2,2;2,3
SCYR;16/09/2022 17:36;2,34;2,29;2,36
SCYR;23/09/2022 17:36;2,08;2,05;2,36
SCYR;30/09/2022 17:36;2,24;2,06;2,24
SGRE;15/10/2021 17:36;20,81;19,25;21,29
SGRE;22/10/2021 17:36;21,92;19,97;22,49
SGRE;29/10/2021 17:36;23,43;21,3;23,85
SGRE;05/11/2021 17:36;18,79;18,34;23,66
SGRE;12/11/2021 17:36;22,15;19,15;22,45
SGRE;19/11/2021 17:36;21,91;20,62;22,36
SGRE;26/11/2021 17:36;23,38;20,25;23,8
SGRE;03/12/2021 17:36;21,2;21;24,1
SGRE;10/12/2021 17:36;21,17;20,88;22,42
SGRE;17/12/2021 17:36;20,75;20,16;22
SGRE;23/12/2021 17:36;21,17;19,72;21,52
SGRE;30/12/2021 17:36;21,07;20,58;21,79
SGRE;07/01/2022 17:36;20,09;19,89;21,7
SGRE;14/01/2022 17:36;19,09;18,99;20,2
SGRE;21/01/2022 17:36;16,29;15,89;19,34
SGRE;28/01/2022 17:36;18,54;15,55;19,02
SGRE;04/02/2022 17:36;17,52;17,52;19,5
SGRE;11/02/2022 17:36;16,52;16,07;17,75
SGRE;18/02/2022 17:36;16,28;15,87;17,78
SGRE;25/02/2022 17:36;18,12;15,4;18,66
SGRE;04/03/2022 17:36;16,99;16,91;21,13
SGRE;11/03/2022 17:36;18,93;16,56;20,82
SGRE;18/03/2022 17:36;18,2;17,42;19,19
SGRE;25/03/2022 17:36;15,68;15,65;18,34
SGRE;01/04/2022 17:36;15,95;15,27;16,4
SGRE;08/04/2022 17:36;16,05;15,45;17,54
SGRE;14/04/2022 17:36;14,91;14,71;16,15
SGRE;22/04/2022 17:36;15,16;14,56;16,4
SGRE;29/04/2022 17:36;15,33;14,49;15,76
SGRE;06/05/2022 17:36;13,95;13,68;15,63
SGRE;13/05/2022 17:36;13,3;12,56;13,85
SGRE;20/05/2022 17:36;16,75;13,27;16,93
SGRE;27/05/2022 17:36;17,94;17,7;17,94
SGRE;03/06/2022 17:36;18,02;17,85;18,07
SGRE;10/06/2022 17:36;17,94;17,91;18,09
SGRE;17/06/2022 17:36;17,86;17,75;18,01
SGRE;24/06/2022 17:36;17,85;17,81;17,93
SGRE;01/07/2022 17:36;17,84;17,81;17,99
SGRE;08/07/2022 17:36;17,92;17,82;17,94
SGRE;15/07/2022 17:36;17,86;17,86;17,99
SGRE;22/07/2022 17:36;17,91;17,9;18
SGRE;29/07/2022 17:36;17,93;17,88;17,99
SGRE;05/08/2022 17:36;17,92;17,9;18,01
SGRE;12/08/2022 17:36;17,93;17,92;18,01
SGRE;19/08/2022 17:36;17,97;17,94;18,04
SGRE;26/08/2022 17:36;17,93;17,91;18
SGRE;02/09/2022 17:36;17,93;17,92;17,98
SGRE;09/09/2022 17:36;17,95;17,92;18
SGRE;16/09/2022 17:36;17,97;17,93;17,99
SGRE;23/09/2022 17:36;17,93;17,93;17,98
SGRE;30/09/2022 17:36;17,93;17,85;17,99
SLR;15/10/2021 17:36;14,93;13,64;15,07
SLR;22/10/2021 17:36;16,96;14,63;17,18
SLR;29/10/2021 17:36;17,27;16,03;17,49
SLR;05/11/2021 17:36;15,69;15,57;17,63
SLR;12/11/2021 17:36;16,26;15,46;16,42
SLR;19/11/2021 17:36;16,6;16,02;17,27
SLR;26/11/2021 17:36;16,61;15,95;17,08
SLR;03/12/2021 17:36;15,71;15,61;17,19
SLR;10/12/2021 17:36;16,08;15,49;16,86
SLR;17/12/2021 17:36;16,13;15,62;17,17
SLR;23/12/2021 17:36;17,56;15,66;17,63
SLR;30/12/2021 17:36;17,12;16,86;17,81
SLR;07/01/2022 17:36;15,63;15,33;17,91
SLR;14/01/2022 17:36;15,71;15,54;16,48
SLR;21/01/2022 17:36;15,52;15,05;16,12
SLR;28/01/2022 17:36;14,77;14,58;15,52
SLR;04/02/2022 17:36;14,64;14,3;15,83
SLR;11/02/2022 17:36;13,97;13,73;14,79
SLR;18/02/2022 17:36;13,41;13,26;14,17
SLR;25/02/2022 17:36;15;12,08;15,3
SLR;04/03/2022 17:36;16,35;14,55;17,17
SLR;11/03/2022 17:36;20,79;16,52;21,21
SLR;18/03/2022 17:36;19,76;18,36;20,77
SLR;25/03/2022 17:36;19,97;19,15;20,39
SLR;01/04/2022 17:36;20,77;18,64;20,95
SLR;08/04/2022 17:36;22,91;20,22;23,36
SLR;14/04/2022 17:36;21,83;21,18;23,32
SLR;22/04/2022 17:36;21,19;20,74;22,52
SLR;29/04/2022 17:36;21,32;20,57;21,85
SLR;06/05/2022 17:36;20,34;20,01;21,67
SLR;13/05/2022 17:36;20,67;19,38;21,06
SLR;20/05/2022 17:36;21,86;20,42;22,76
SLR;27/05/2022 17:36;23,09;21,92;23,49
SLR;03/06/2022 17:36;21,79;20,72;23,59
SLR;10/06/2022 17:36;21,54;21,51;23,56
SLR;17/06/2022 17:36;20,06;19,51;21,63
SLR;24/06/2022 17:36;21;19,98;21,19
SLR;01/07/2022 17:36;20,68;19,85;21,57
SLR;08/07/2022 17:36;22,14;20,11;22,35
SLR;15/07/2022 17:36;20,61;20,08;23,1
SLR;22/07/2022 17:36;21,63;19,76;21,72
SLR;29/07/2022 17:36;22,47;20,71;23,34
SLR;05/08/2022 17:36;22,59;20,17;22,78
SLR;12/08/2022 17:36;22,02;21,88;23,14
SLR;19/08/2022 17:36;22,4;22,05;23,15
SLR;26/08/2022 17:36;23,39;21,82;24,65
SLR;02/09/2022 17:36;19,92;19,03;23,26
SLR;09/09/2022 17:36;21,04;18,74;21,64
SLR;16/09/2022 17:36;20,26;20,26;22,15
SLR;23/09/2022 17:36;17,34;16,26;20,47
SLR;30/09/2022 17:36;16,17;15,83;17,64
TEF;15/10/2021 17:36;3,8;3,77;4,03
TEF;22/10/2021 17:36;3,77;3,71;3,87
TEF;29/10/2021 17:36;3,76;3,71;3,84
TEF;05/11/2021 17:36;3,77;3,61;3,84
TEF;12/11/2021 17:36;3,96;3,75;3,96
TEF;19/11/2021 17:36;3,97;3,88;4,01
TEF;26/11/2021 17:36;3,91;3,85;4,24
TEF;03/12/2021 17:36;3,67;3,65;4,01
TEF;10/12/2021 17:36;3,72;3,66;3,79
TEF;17/12/2021 17:36;3,86;3,67;3,87
TEF;23/12/2021 17:36;3,9;3,77;3,94
TEF;30/12/2021 17:36;3,85;3,84;3,96
TEF;07/01/2022 17:36;3,91;3,81;3,91
TEF;14/01/2022 17:36;4,03;3,9;4,07
TEF;21/01/2022 17:36;4;3,95;4,09
TEF;28/01/2022 17:36;4,16;3,98;4,18
TEF;04/02/2022 17:36;4,16;4,07;4,23
TEF;11/02/2022 17:36;4,42;4,12;4,45
TEF;18/02/2022 17:36;4,37;4,32;4,43
TEF;25/02/2022 17:36;4,25;4,1;4,38
TEF;04/03/2022 17:36;3,96;3,93;4,36
TEF;11/03/2022 17:36;3,99;3,73;4,07
TEF;18/03/2022 17:36;4,17;3,97;4,2
TEF;25/03/2022 17:36;4,24;4,13;4,26
TEF;01/04/2022 17:36;4,42;4,24;4,43
TEF;08/04/2022 17:36;4,63;4,38;4,63
TEF;14/04/2022 17:36;5;4,6;5
TEF;22/04/2022 17:36;4,85;4,78;5
TEF;29/04/2022 17:36;4,63;4,62;4,88
TEF;06/05/2022 17:36;4,72;4,56;4,78
TEF;13/05/2022 17:36;4,78;4,59;4,89
TEF;20/05/2022 17:36;4,69;4,62;4,81
TEF;27/05/2022 17:36;4,95;4,7;4,98
TEF;03/06/2022 17:36;4,66;4,61;5,06
TEF;10/06/2022 17:36;4,48;4,43;4,7
TEF;17/06/2022 17:36;4,4;4,37;4,51
TEF;24/06/2022 17:36;4,73;4,41;4,76
TEF;01/07/2022 17:36;4,87;4,69;4,88
TEF;08/07/2022 17:36;4,72;4,64;4,96
TEF;15/07/2022 17:36;4,66;4,66;4,84
TEF;22/07/2022 17:36;4,39;4,35;4,69
TEF;29/07/2022 17:36;4,36;4,33;4,62
TEF;05/08/2022 17:36;4,28;4,18;4,41
TEF;12/08/2022 17:36;4,27;4,23;4,36
TEF;19/08/2022 17:36;4,25;4,22;4,37
TEF;26/08/2022 17:36;4,14;4,11;4,31
TEF;02/09/2022 17:36;4,17;4,09;4,19
TEF;09/09/2022 17:36;3,93;3,88;4,14
TEF;16/09/2022 17:36;3,86;3,85;4,01
TEF;23/09/2022 17:36;3,66;3,63;3,9
TEF;30/09/2022 17:36;3,38;3,33;3,68
